Colocação,Nome,Equipe,Categoria/Classe,Pontos,Etapa 1 - Jacarei,Etapa II - Campinas,Etapa III - Marília,Etapa IV - Votorantim,Etapa V - Taubaté,Paulistão - S.J. dos Campos
7,IRENE DUARTE ANDRADE,ESPORTE CLUBE PRAIA GRANDE - SP,VETERANO 40 FEM,0,0,0,0,0,0,
5,ANGELA KIYOMI OSHIKAWA,TONANTEAMT.MESA-SP,VETERANO 50 FEM,0,0,0,0,0,0,
22,WALDEIR FERREIRA SABINO,KOSMOS CLUBE - SP,VETERANO 55 MAS,0,0,0,0,0,0,
4,OTHON MERCADANTE BECKER,MASTER PONG TT ACADEMIA-SP,VETERANO 65 MAS,0,0,0,0,0,0,
1,CLAUDIO MASSAD,SESI-SP/INSTITUTO MATOSTT,Classe 10 (MAS),100,20,20,20,20,20,
1,LUCAS FONSECA SEGREGIO,SANTO ANDRÉ / ADSA  - SP,Classe 09 (MAS),90,20,20,20,10,20,
1,CESAR GAMERO VALÉRIO SILVA,ASSOCIAÇÃO CULTURAL NIPO BRASILEIRA DE SÃO CAETANO DO SUL/BUNKA-SP,Classe 08 (MAS),82,14,14,20,20,14,
1,PAULO CESAR DE OLIVEIRA,SANTO ANDRÉ / ADSA  - SP,Classe 04 (MAS),80,20,20,0,20,20,
1,TIAGO DE FREITAS,SANTO ANDRÉ / ADSA  - SP,Classe 02 (MAS),74,14,20,0,20,20,
1,ANDERSON ARAÚJO DOS SANTOS,ESPORTE CLUBE PRAIA GRANDE - SP,Classe 03 (MAS),74,20,20,0,20,14,
1,PAULO SÉRGIO SALMIN FILHO,SESI-SP/INSTITUTO MATOSTT,Classe 07 (MAS),68,0,20,20,14,14,
1,ALINE MENESES FERREIRA,CLUBE INCLUSIVO /INSTITUTO AJINOMOTO - SP,Classe 07 (FEM),60,20,20,20,0,0,
2,JOÃO PEDRO MARTINS NARVAIS,ESPORTE CLUBE PRAIA GRANDE - SP,Classe 07 (MAS),58,14,10,14,10,10,
2,ANDRÉ.GONÇALVES DOS SANTOS,SESI-SP/INSTITUTO MATOSTT,Classe 03 (MAS),54,10,10,0,14,20,
3,ITALO MARTINS DE ARAUJO,ASSOCIAÇÃO CULTURAL NIPO BRASILEIRA DE SÃO CAETANO DO SUL/BUNKA-SP,Classe 03 (MAS),48,14,14,0,10,10,
2,BRUNO KAZUO MUNE,ACADEMIA DUNAMIS DE TÊNIS DE MESA-SP,Classe 08 (MAS),44,10,10,14,10,0,
2,MATHEUS DUTRA BARSOTTI DE FREITAS,CR SALDANHA DA GAMA/SANTA CECÍLIA/FUPES - SP,Classe 08 (MAS),44,0,10,0,14,20,
2,CARLOS ALBERTO  OLIVEIRA  MARTIN,INST. FAIR PLAY DE DESENVOLVIMENTO ESPORTIVO-SP,Classe 09 (MAS),44,0,10,0,20,14,
1,JAQUELINE DE CASTRO ISHIDA,CLUBE INCLUSIVO /INSTITUTO AJINOMOTO - SP,Classe 10 (FEM),44,20,14,10,0,0,
2,IVANILDO PESSOA FREITAS,ACADEMIA DUNAMIS DE TÊNIS DE MESA-SP,Classe 04 (MAS),42,14,14,0,0,14,
1,FELIPE AMORIM DE OLIVEIRA,CLUBE INCLUSIVO /INSTITUTO AJINOMOTO - SP,Classe 06 (MAS),40,20,0,20,0,0,
3,PAULO HENRIQUE GONÇALVES FONSECA,SESI-SP/INSTITUTO MATOSTT - SP,Classe 07 (MAS),40,0,0,0,20,20,
4,LUIZ FILIPE GUARNIERI MANARA,ASSOCIAÇÃO DESPORTIVA E CULTURAL ARTE DA LUTA - SP,Classe 08 (MAS),40,20,20,0,0,0,
1,DANIELLE RAUEN,SESI-SP/INSTITUTO MATOSTT,Classe 09 (FEM),40,0,20,20,0,0,
5,MATEUS ITIKAWA PIRK,SOCIEDADE ESPORTIVA PALMEIRAS-SP,Classe 08 (MAS),37,10,7,10,10,0,
2,LUIZ HENRIQUE MEDINA,CLUBE DE TÊNIS DE MESA ALVES TT/CAIEIRAS - SP,Classe 06 (MAS),34,14,20,0,0,0,
2,CÉSAR AUGUSTO GOUVEA MEGDA,ASSOCIAÇÃO DOS SERVIDORES MUNICIPAIS DE RIBEIRÃO PRETO - SP,Classe 06 (MAS),34,0,14,0,20,0,
4,PEDRO DE MATTOS MARTINS,CR SALDANHA DA GAMA/SANTA CECÍLIA/FUPES - SP,Classe 07 (MAS),31,10,0,7,7,7,
5,DEMÉTRIUS JOSÉ BARROS REIS,SESI-SP/INSTITUTO MATOSTT - SP,Classe 07 (MAS),30,0,0,10,10,10,
2,MANUELA LIMA,SOCIEDADE ESPORTIVA PALMEIRAS-SP,Classe 10 (FEM),30,10,10,10,0,0,
2,RYAN VICTOR SALDANHA SANTOS,CR SALDANHA DA GAMA/SANTA CECÍLIA/FUPES - SP,Classe 10 (MAS),28,14,0,0,0,14,
3,GUSTAVO DE SOUZA ROSSI,SOCIEDADE ESPORTIVA PALMEIRAS-SP,Classe 09 (MAS),24,14,10,0,0,0,
1,CÁTIA CRISTINA DA SILVA OLIVEIRA,SESI-SP/INSTITUTO MATOSTT - SP,Classe 02 (FEM),20,0,0,20,0,0,
2,ANDERSON MIRANDA DA SILVA,ACADEMIA DE TÊNIS DE MESA LIFE PONG - SP,Classe 02 (MAS),20,20,0,0,0,0,
1,JOYCE FERNANDA DE OLIVEIRA QUINZOTE,SESI-SP/INSTITUTO MATOSTT - SP,Classe 03 (FEM),20,0,0,20,0,0,
1,RAIZA FRANCISCA FARIAS PEREIRA DA SILVA,ASSOC. NOVA ERA DE T.M.-SP,Classe 05 (FEM),20,0,0,20,0,0,
1,JEFFERSON TEIXEIRA MARTINS,KOSMOS CLUBE - SP,Classe 05 (MAS),20,20,0,0,0,0,
4,MARLISON HENRIQUE DA SILVA ALFAIA,ESPORTE CLUBE PRAIA GRANDE - SP,Classe 06 (MAS),20,0,0,0,0,20,
1,KAYNAN WILLIANS CAPELLO DE SOUZA,ESPORTE CLUBE PRAIA GRANDE - SP,Classe 11 (MAS),20,0,0,0,20,0,
2,ANDREW GUILHERME DOS SANTOS,ESPORTE CLUBE PRAIA GRANDE - SP,Classe 05 (MAS),17,0,10,0,7,0,
3,ANAEL SILVA DUARTE,ESPORTE CLUBE PRAIA GRANDE - SP,Classe 10 (MAS),17,0,10,0,0,7,
6,FRANKLIN ROBERTO DOS SANTOS ALVES,ESPORTE CLUBE PRAIA GRANDE - SP,Classe 07 (MAS),14,0,14,0,0,0,
4,GUILHERME RIGGIO IFANGER,POWER PONG TM/ASSOCIAÇÃO DOS MESATENISTAS DE CAMPINAS-SP,Classe 09 (MAS),14,0,0,0,14,0,
4,JOÃO PEDRO RIBEIRO POSSAS,ESPORTE CLUBE PRAIA GRANDE - SP,Classe 09 (MAS),14,0,14,0,0,0,
4,JOAO VICTOR ALONSO VALESE MARINI,ASSOCIAÇÃO DOS SERVIDORES MUNICIPAIS DE RIBEIRÃO PRETO - SP,Classe 10 (MAS),14,0,7,0,7,0,
4,ALEXANDRE LAZARIM CALDEIRA,ARAÇA PONG / SMELR ARAÇATUBA – SP,Classe 10 (MAS),14,0,14,0,0,0,
2,DAVI SILVA CALAZANS,TÊNIS DE MESA CASA VERDE-MI-SP,Classe 11 (MAS),14,0,0,0,14,0,
6,EDNEI CARLOS DA SILVA,ARAÇA PONG / SMELR ARAÇATUBA – SP,Classe 10 (MAS),10,0,10,0,0,0,
3,MATHEUS CANDIDO DE SOUZA,SANTO ANDRÉ / ADSA  - SP,Classe 11 (MAS),10,0,0,0,10,0,
7,MARLISON HENRIQUE DA SILVA ALFAIA,ESPORTE CLUBE PRAIA GRANDE - SP,Classe 07 (MAS),7,0,0,0,7,0,
7,VICTOR CORBAS,ESPORTE CLUBE PRAIA GRANDE - SP,Classe 07 (MAS),7,0,0,0,0,7,
1,SESI-SP/INSTITUTO MATOSTT,SESI-SP/INSTITUTO MATOSTT,A-EFICIENCIA PARALIMPICO,372,30,70,110,78,84,
2,ESPORTE CLUBE PRAIA GRANDE - SP,ESPORTE CLUBE PRAIA GRANDE - SP,A-EFICIENCIA PARALIMPICO,271,34,78,14,74,71,
3,SANTO ANDRÉ / ADSA  - SP,SANTO ANDRÉ / ADSA  - SP,A-EFICIENCIA PARALIMPICO,254,54,60,20,60,60,
4,CLUBE INCLUSIVO /INSTITUTO AJINOMOTO - SP,CLUBE INCLUSIVO /INSTITUTO AJINOMOTO - SP,A-EFICIENCIA PARALIMPICO,144,60,34,50,0,0,
5,ASSOCIAÇÃO CULTURAL NIPO BRASILEIRA DE SÃO CAETANO DO SUL/BUNKA-SP,ASSOCIAÇÃO CULTURAL NIPO BRASILEIRA DE SÃO CAETANO DO SUL/BUNKA-SP,A-EFICIENCIA PARALIMPICO,110,28,28,20,20,14,
6,CR SALDANHA DA GAMA/SANTA CECÍLIA/FUPES - SP,CR SALDANHA DA GAMA/SANTA CECÍLIA/FUPES - SP,A-EFICIENCIA PARALIMPICO,106,24,10,10,21,41,
7,SOCIEDADE ESPORTIVA PALMEIRAS-SP,SOCIEDADE ESPORTIVA PALMEIRAS-SP,A-EFICIENCIA PARALIMPICO,91,34,27,20,10,0,
8,ACADEMIA DUNAMIS DE TÊNIS DE MESA-SP,ACADEMIA DUNAMIS DE TÊNIS DE MESA-SP,A-EFICIENCIA PARALIMPICO,86,24,24,14,10,14,
9,INST. FAIR PLAY DE DESENVOLVIMENTO ESPORTIVO-SP,INST. FAIR PLAY DE DESENVOLVIMENTO ESPORTIVO-SP,A-EFICIENCIA PARALIMPICO,44,0,10,0,20,14,
10,ASSOCIAÇÃO DESPORTIVA E CULTURAL ARTE DA LUTA - SP,ASSOCIAÇÃO DESPORTIVA E CULTURAL ARTE DA LUTA - SP,A-EFICIENCIA PARALIMPICO,40,20,20,0,0,0,
11,ASSOCIAÇÃO DOS SERVIDORES MUNICIPAIS DE RIBEIRÃO PRETO - SP,ASSOCIAÇÃO DOS SERVIDORES MUNICIPAIS DE RIBEIRÃO PRETO - SP,A-EFICIENCIA PARALIMPICO,35,0,21,0,14,0,
12,CLUBE DE TÊNIS DE MESA ALVES TT/CAIEIRAS - SP,CLUBE DE TÊNIS DE MESA ALVES TT/CAIEIRAS - SP,A-EFICIENCIA PARALIMPICO,34,14,20,0,0,0,
13,ARAÇA PONG / SMELR ARAÇATUBA – SP,ARAÇA PONG / SMELR ARAÇATUBA – SP,A-EFICIENCIA PARALIMPICO,24,0,24,0,0,0,
14,ACADEMIA DE TÊNIS DE MESA LIFE PONG - SP,ACADEMIA DE TÊNIS DE MESA LIFE PONG - SP,A-EFICIENCIA PARALIMPICO,20,20,0,0,0,0,
14,KOSMOS CLUBE - SP,KOSMOS CLUBE - SP,A-EFICIENCIA PARALIMPICO,20,20,0,0,0,0,
16,TÊNIS DE MESA CASA VERDE-MI-SP,TÊNIS DE MESA CASA VERDE-MI-SP,A-EFICIENCIA PARALIMPICO,14,0,0,0,14,0,
16,POWER PONG TM/ASSOCIAÇÃO DOS MESATENISTAS DE CAMPINAS-SP,POWER PONG TM/ASSOCIAÇÃO DOS MESATENISTAS DE CAMPINAS-SP,A-EFICIENCIA PARALIMPICO,14,0,0,0,14,0,
18,ASSOC. NOVA ERA DE T.M.-SP,ASSOC. NOVA ERA DE T.M.-SP,A-EFICIENCIA PARALIMPICO,10,0,0,10,0,0,
1,LAURA YUMI SASAKI,ASSOCIAÇÃO CULTURAL NIPO BRASILEIRA DE SÃO CAETANO DO SUL/BUNKA-SP,SUB-13 FEM,100,20,20,20,20,20,
1,MARIA FERNANDA DE OLIVEIRA LEÃO FERNANDES,CLUBE DE TÊNIS DE MESA JACAREÍ - SP,SUB-19 FEM,100,20,20,20,20,20,
1,RICARDO FERRAZ INSELSPERGER,CLUBE ITUANO DE ESPORTES-SP,VETERANO 40 MAS,100,20,20,20,20,20,
1,ELIANE MARIA KRUMENERL AVANSO,TEAM MANCINI -SP,VETERANO 55 FEM,100,20,20,20,20,20,
1,MÔNICA YUMIKO MINE,ASSOCIAÇÃO NIKKEY SÃO JOSÉ DOS CAMPOS - SP,LADY 35,94,20,14,20,20,20,
1,MAIARA AGNONE SENA ALVES,TEAM MANCINI -SP,SUB-15 FEM,94,20,20,14,20,20,
1,CAIO  LOPES DA SILVA,SANTO ANDRÉ / ADSA  - SP,SUB-19 MAS,94,20,20,14,20,20,
1,MARIA TOMIKO HARADA,ACEMV / PREFEITURA DE VOTORANTIM / SEDESP-SP,VETERANO 75 FEM,94,14,20,20,20,20,
1,ALEXANDRE CAVALHEIRO CAMPOS,SOCIEDADE ESPORTIVA PALMEIRAS-SP,SÊNIOR 35,88,14,14,20,20,20,
1,ROSELI OKABAYASHI SASAKI,ASSOCIAÇÃO ESPORTIVA RECREATIVA ATEME-SP,VETERANO 45 FEM,88,20,14,20,14,20,
1,LENNON BROWN NAOTO IE UEHARA,CLUBE ITUANO DE ESPORTES-SP,ADULTO (MAS),87,7,20,20,20,20,
1,GABRIELLA MARIA DINIZ MOURA ZAGO,SESI-SP/INSTITUTO MATOSTT - SP,SUB-21 FEM,84,20,20,20,14,10,
1,CLARA TENORIO BEZERRA,CR SALDANHA DA GAMA/SANTA CECÍLIA/FUPES - SP,SUB-07 FEM,80,0,20,20,20,20,
1,RAFAEL SUGUIMOTO RAMOS,ASSOCIAÇÃO CULTURAL NIPO BRASILEIRA DE SÃO CAETANO DO SUL/BUNKA-SP,SUB-09 MAS,80,20,20,0,20,20,
1,MANUELA DE ASSIS RODRIGUES,TEAM MANCINI -SP,SUB-11 FEM,80,0,20,20,20,20,
1,DANIEL SIDNEY GIMENES,UNASP ENGENHEIRO COELHO - SP,VETERANO 70 MAS,80,20,20,20,20,0,
1,LEONARDO DONAGGIO DI MICELI,TEAM MANCINI -SP,SUB-07 MAS,78,20,14,10,14,20,
1,FÁBIO MIZUTANI,MASTER PONG TT ACADEMIA-SP,VETERANO 50 MAS,78,14,20,20,14,10,
2,MANUELLA TASSI BAZO,YARA CLUBE/ACADEMIA NELSON MACHADO/SELJ-MARÍLIA-SP,SUB-07 FEM,76,20,14,14,14,14,
1,NEDER ALVES NEVES,MASTER PONG TT ACADEMIA-SP,VETERANO 55 MAS,74,20,0,14,20,20,
1,JESSICA SILVA PRATES,ASSOCIAÇÃO NIKKEY SÃO JOSÉ DOS CAMPOS - SP,ABSOLUTO A (FEM),73,20,20,10,3,20,
1,KAREN SATIE HIGA TENGAN,SANTO ANDRÉ / ADSA  - SP,SUB-09 FEM,70,20,20,0,20,10,
1,JOÃO LIMA MEDEIROS GONÇALVES,TEAM MANCINI -SP,SUB-11 MAS,70,0,20,20,10,20,
2,MARIA EDUARDA DOS SANTOS CARRIJO CHIQUETTO,CLUBE DE TÊNIS DE MESA JACAREÍ - SP,SUB-19 FEM,70,14,14,14,14,14,
2,MARCELO APARECIDO PHAIFFER,POWER PONG TM/ASSOCIAÇÃO DOS MESATENISTAS DE CAMPINAS-SP,VETERANO 50 MAS,70,20,10,10,10,20,
1,JOANA DOMINGUES DA SILVA PALMEIRA,ASSOCIAÇÃO ATLÉTICA PONTE PRETA COUNTRY CLUB-SP,VETERANO 60 FEM,70,10,20,0,20,20,
2,SABRINA MIYABARA,ASSOCIAÇÃO CULTURAL NIPO BRASILEIRA DE SÃO CAETANO DO SUL/BUNKA-SP,ABSOLUTO A (FEM),68,7,7,20,20,14,
2,BENJAMIN TAKATSU CHOI,TEAM MANCINI -SP,SUB-07 MAS,68,0,20,14,20,14,
2,DANIELLI SILVA VIEIRA KIKUMOTO,SESI-SP/INSTITUTO MATOSTT - SP,VETERANO 45 FEM,68,14,20,0,20,14,
1,MATHEUS FLORIANO OLIVEIRA DE LOPES,M2TM CENTRO DE TREINAMENTO DE TÊNIS DE MESA-SP,SÊNIOR 30,67,7,20,0,20,20,
1,THEO RYUTA YAMADA,TEAM MANCINI -SP,SUB-13 MAS,67,10,10,20,7,20,
1,FABIO P NAVARRO,YARA CLUBE/ACADEMIA NELSON MACHADO/SELJ-MARÍLIA-SP,VETERANO 45 MAS,67,10,20,20,10,7,
2,LUCAS CARNIELLI CUNHA BUENO,POWER PONG TM/ASSOCIAÇÃO DOS MESATENISTAS DE CAMPINAS-SP,SUB-09 MAS,66,14,10,14,14,14,
2,GABRIELLA TIEN,ASSOCIAÇÃO CULTURAL NIPO BRASILEIRA DE SÃO CAETANO DO SUL/BUNKA-SP,SUB-11 FEM,65,20,7,10,14,14,
1,KYRLA OLIVEIRA FOGAÇA,ACADEMIA DE TÊNIS DE MESA LIFE PONG - SP,LADY 30,64,14,20,0,10,20,
2,FELIPE BARROS MESSIAS,ASSOCIAÇÃO OURINHENSE DE BEM ESTAR-SP,SUB-11 MAS,64,10,14,10,20,10,
2,PAULO AUGUSTO MARTINEZ,ASSOCIAÇÃO ATLÉTICA SALTENSE-SP,VETERANO 55 MAS,64,10,20,20,14,0,
1,DAVID EDUARDO JOHNSON PASTOR,ASSOCIAÇÃO ATLÉTICA SALTENSE-SP,VETERANO 60 MAS,64,14,0,20,10,20,
2,MARIANA FRANCO SCHIEFER DOS SANTOS,SOCIEDADE ESPORTIVA PALMEIRAS-SP,LADY 35,62,14,20,14,14,0,
2,ANA CLARA TURINI DE CARVALHO IMAI,SANTO ANDRÉ / ADSA  - SP,SUB-15 FEM,62,14,14,10,14,10,
1,CARLA MIDORI YOSHIDA ARA,ITAIM KEIKO / JJYAMADA - SP,VETERANO 40 FEM,62,14,14,0,20,14,
2,ANA MARIA CARTAROZZI FERRARI,CERÂMICA CLUBE - SP,VETERANO 75 FEM,62,20,14,0,14,14,
3,BEATRIZ TAKATSU CHOI,ASSOCIAÇÃO CULTURAL NIPO BRASILEIRA DE SÃO CAETANO DO SUL/BUNKA-SP,SUB-15 FEM,61,10,10,20,7,14,
1,DIEGO DUARTE BARBOZA,SOCIEDADE ESPORTIVA PALMEIRAS-SP,SUB-21 MAS,60,0,20,20,10,10,
2,THAISA ANGELI SANTINELI VILAR,ASSOCIAÇÃO ESPORTIVA RECREATIVA ATEME-SP,VETERANO 40 FEM,60,20,20,0,0,20,
2,ROBERTO BRAZ GARCIA ZANGALI,ITAIM KEIKO / JJYAMADA - SP,VETERANO 45 MAS,60,20,0,0,20,20,
1,DANIELA O LOPES,ASSOCIAÇÃO CULTURAL E DESPORTIVA DE ASSIS - SP,VETERANO 50 FEM,60,0,20,20,20,0,
1,FERNANDO  ROMIO,ITAIM KEIKO / JJYAMADA - SP,VETERANO 65 MAS,60,0,20,0,20,20,
3,ALEXANDRE DI MICELI DA SILVEIRA,TEAM MANCINI -SP,VETERANO 45 MAS,59,7,14,14,10,14,
3,NATÁLIA MASSELA MUNHOZ,CLUBE ITUANO DE ESPORTES-SP,ABSOLUTO A (FEM),58,14,14,10,10,10,
1,DAIANE OLIVEIRA SILVA,MASTER PONG TT ACADEMIA-SP,ADULTO (FEM),58,0,14,20,10,14,
3,DAVI LEITE LUIZ DE ARAUJO,ASSOCIAÇÃO DESPORTIVA CENTRO OLÍMPICO-SP,SUB-11 MAS,58,20,7,14,10,7,
2,MILTON HIROSHI MORI,M2TM CENTRO DE TREINAMENTO DE TÊNIS DE MESA-SP,VETERANO 60 MAS,58,10,20,0,14,14,
2,CRISTINA ERIKO MATSUO MATSUKAWA,ACEMV / PREFEITURA DE VOTORANTIM / SEDESP-SP,VETERANO 55 FEM,56,14,14,14,14,0,
2,YASMIM ANITA DE PAULA DA LUZ,SESI-SP/INSTITUTO MATOSTT - SP,SUB-13 FEM,55,10,7,10,14,14,
2,BRENO PANINI SOUZA,ASSOC. NOVA ERA DE T.M.-SP,SUB-19 MAS,55,10,10,7,14,14,
2,GUILHERME SIQUEIRA NUNES,CR SALDANHA DA GAMA/SANTA CECÍLIA/FUPES - SP,SUB-21 MAS,55,14,10,10,14,7,
3,VANDERLEI PEDRO DE SOUZA,ASSOCIAÇÃO ATLÉTICA SALTENSE-SP,VETERANO 50 MAS,55,0,7,14,20,14,
2,VITOR LUCIANO RIBEIRO DE OLIVEIRA,ASSOCIAÇÃO ATLÉTICA SALTENSE-SP,ADULTO (MAS),58,20,10,14,7,7,
3,RAFAEL HILLA,NEW PONG ACADEMIA DE TÊNIS DE MESA/SJRP-SP,SUB-07 MAS,54,14,10,20,0,10,
3,BENJAMIN HILLA,NEW PONG ACADEMIA DE TÊNIS DE MESA/SJRP-SP,SUB-09 MAS,54,10,14,20,0,10,
3,LARISSA TASSI LOBATO,MASTER PONG TT ACADEMIA-SP,VETERANO 40 FEM,54,10,10,20,14,0,
2,ADEMIR GUSMÃO FONSECA,ESPORTE CLUBE PRAIA GRANDE - SP,VETERANO 70 MAS,54,10,14,0,10,20,
4,DAVI FRANCISCHETTI DE LIMA,ASSOCIAÇÃO DESPORTIVA CENTRO OLÍMPICO-SP,SUB-11 MAS,52,14,0,10,14,14,
3,HENRY SHIGUIO,ASSOCIAÇÃO CULTURAL NIPO BRASILEIRA DE SÃO CAETANO DO SUL/BUNKA-SP,SUB-13 MAS,46,7,14,1,10,14,
2,NICOLE DE JESUS SANTOS,ESPORTE CLUBE PRAIA GRANDE - SP,SUB-21 FEM,52,14,14,14,10,0,
2,RENATA MARIA TAPXURE HOSHIRO,TÊNIS DE MESA CASA VERDE-MI-SP,VETERANO 50 FEM,52,14,10,0,14,14,
2,JONAS TOSHIO RIBEIRO IZUMI,CLUBE DE TÊNIS DE MESA JACAREÍ - SP,SÊNIOR 35,51,20,7,0,14,10,
3,SARAH BOMFIM WEIZMAN,ASSOCIAÇÃO CULTURAL NIPO BRASILEIRA DE SÃO CAETANO DO SUL/BUNKA-SP,SUB-13 FEM,51,10,14,7,10,10,
3,LUCAS NAOKI OGUCHI,SANTO ANDRÉ / ADSA  - SP,SUB-19 MAS,51,14,14,3,10,10,
3,PEDRO FERNANDES SACRAMENTO MENTE,ESPORTE CLUBE PRAIA GRANDE - SP,SUB-21 MAS,51,20,14,0,10,7,
3,EMILY NARUMI KOBAYASHI,ESPORTE CLUBE PRAIA GRANDE - SP,SUB-19 FEM,50,10,10,10,10,10,
3,CLARA YUKIE MIMURA DE  CASTILHO,CLUBE DE TÊNIS DE MESA JACAREÍ - SP,SUB-19 FEM,50,10,10,10,10,10,
1,HEVERTON GUEDES DI BRAZ,ESPORTE CLUBE PRAIA GRANDE - SP,ABSOLUTO A (MAS),48,7,1,20,20,0,
4,REBECA FERNANDES DA CRUZ,ASSOCIAÇÃO DESPORTIVA CENTRO OLÍMPICO-SP,SUB-13 FEM,48,14,7,10,10,7,
2,HALANA DUARTE DOS SANTOS,ASSOCIAÇÃO CULTURAL E ASSISTENCIAL MIE KENJIN DO BRASIL-SP,ADULTO (FEM),47,20,10,0,10,7,
2,GABRIEL PEREIRA BEZERRA,ACEMV / PREFEITURA DE VOTORANTIM / SEDESP-SP,SÊNIOR 30,47,10,7,20,10,0,
3,JOÃO VITOR VIEGAS RIBEIRO,TEAM MANCINI -SP,SUB-13 MAS,47,20,20,0,0,7,
4,MARCIO EIJI SASAKI,ASSOCIAÇÃO ESPORTIVA RECREATIVA ATEME-SP,VETERANO 50 MAS,47,10,14,3,10,10,
3,SAMARA TENÓRIO BEZERRA,AABB-SANTOS-SP,SUB-11 FEM,45,0,14,14,10,7,
4,PEDRO TERÊNCIO FERNANDES,ASSOCIAÇÃO DESPORTIVA CENTRO OLÍMPICO-SP,SUB-13 MAS,45,7,7,14,14,3,
2,NICOLAS SAKAUE NISHIMURA,ASSOCIAÇÃO CULTURAL NIPO BRASILEIRA DE SÃO CAETANO DO SUL/BUNKA-SP,ABSOLUTO A (MAS),44,3,14,10,7,10,
2,MARIA CLARA GINO CRUZ,ASSOC.JAUENSE DE T.M./PREFEITURA DE JAÚ-SP,SUB-09 FEM,44,0,10,10,10,14,
2,GABRIELA DELL ARINGA DE ARAUJO,YARA CLUBE/ACADEMIA NELSON MACHADO/SELJ-MARÍLIA-SP,SUB-09 FEM,44,0,0,20,14,10,
5,HENRIQUE GRASSI OSAKA,SANTO ANDRÉ / ADSA  - SP,SUB-13 MAS,44,14,7,10,10,3,
2,MATEUS CANNIATTI PONCHIO,POWER PONG TM/ASSOCIAÇÃO DOS MESATENISTAS DE CAMPINAS-SP,VETERANO 40 MAS,44,14,10,0,10,10,
2,RAFAEL NEPOSIANO MONTEIRO,TEAM MANCINI -SP,VETERANO 40 MAS,44,0,10,14,10,10,
3,PATRICIA IKEDA SHIROTA UWAI,ACEMV / PREFEITURA DE VOTORANTIM / SEDESP-SP,VETERANO 45 FEM,44,0,10,14,10,10,
3,CRISTINA ERIKA HARADA SANBONMATSU,ACEMV / PREFEITURA DE VOTORANTIM / SEDESP-SP,VETERANO 45 FEM,44,10,10,10,7,7,
3,SANDRA SAYAMA,ACADEMIA DE TÊNIS DE MESA LIFE PONG - SP,VETERANO 50 FEM,44,10,7,10,7,10,
3,SERGIO LUIZ INCERPI,CR SALDANHA DA GAMA/SANTA CECÍLIA/FUPES - SP,VETERANO 55 MAS,44,10,10,7,7,10,
6,JOÃO MIGUEL MATOS LIBERATORI,SANTO ANDRÉ / ADSA  - SP,SUB-13 MAS,43,7,3,3,20,10,
3,GUSTAVO DE OLIVEIRA DOS SANTOS,TÊNIS DE MESA CASA VERDE-MI-SP,ADULTO (MAS),41,10,7,0,10,14,
3,HENRIQUE EDUARDO FERREIRA DE SOUZA,YARA CLUBE/ACADEMIA NELSON MACHADO/SELJ-MARÍLIA-SP,SÊNIOR 30,41,7,10,3,7,14,
3,MICHEL AUGUSTO SARTORATO,TIME JUNDIAÍ - SP,SÊNIOR 35,41,10,3,14,0,14,
4,PALOMA OLIVEIRA,ASSOCIAÇÃO RCTM - SP,SUB-09 FEM,41,10,7,10,7,7,
5,JULIANA DA SILVA FERREIRA SANTOS,SESI-SP/INSTITUTO MATOSTT - SP,SUB-13 FEM,41,7,10,7,7,10,
4,MARIANA FUZINATO PINA MODESTO,YARA CLUBE/ACADEMIA NELSON MACHADO/SELJ-MARÍLIA-SP,SUB-15 FEM,41,7,7,10,10,7,
1,BRUNO ARANHA MARANTE,ITAIM KEIKO / JJYAMADA - SP,SUB-15 MAS,41,7,10,7,14,3,
3,JÚLIA LAINA DE SOUSA,ASSOC. NOVA ERA DE T.M.-SP,ADULTO (FEM),40,0,0,0,20,20,
2,KARINA RIBEIRO,ACADEMIA DE TÊNIS DE MESA LIFE PONG - SP,LADY 30,40,10,10,10,10,0,
4,RODRIGO PROCIDÔNIO RUIZ,ITAIM KEIKO / JJYAMADA - SP,SÊNIOR 35,40,7,10,10,10,3,
4,LUIZA BELTRAME SANTOS,ASSOC.JAUENSE DE T.M./PREFEITURA DE JAÚ-SP,SUB-11 FEM,40,0,10,10,10,10,
2,MARCELO DE SOUZA  MARTIN,INST. FAIR PLAY DE DESENVOLVIMENTO ESPORTIVO-SP,SUB-15 MAS,40,3,7,0,20,10,
2,LEANDRO SANCHES FERREIRA,ASSOCIAÇÃO DESPORTIVA CENTRO OLÍMPICO-SP,SUB-15 MAS,40,20,20,0,0,0,
4,REN CAUAN NOSAWA,ASSOCIAÇÃO CULTURAL NIPO BRASILEIRA DE SÃO CAETANO DO SUL/BUNKA-SP,SUB-19 MAS,40,10,7,3,10,10,
3,BRUNNA RODRIGUES DE MELO ROSA,ASSOCIAÇÃO CULTURAL NIPO BRASILEIRA DE SÃO CAETANO DO SUL/BUNKA-SP,SUB-21 FEM,40,0,0,0,20,20,
4,GABRIEL DE OLIVEIRA AMORIM CAVIQUIO,SANTO ANDRÉ / ADSA  - SP,SUB-21 MAS,40,0,0,0,20,20,
3,HIDEYOSHI TANAKA,MASTER PONG TT ACADEMIA-SP,VETERANO 60 MAS,40,20,0,0,10,10,
1,AREADNE AQUEMI KOMATSU,POWER PONG TM/ASSOCIAÇÃO DOS MESATENISTAS DE CAMPINAS-SP,VETERANO 65 FEM,40,0,20,0,20,0,
3,ERIC DE ARAÚJO MANCINI,TEAM MANCINI -SP,ABSOLUTO A (MAS),38,0,1,10,7,20,
4,JONATHAN VIVANCO DIAS,ASSOCIAÇÃO CULTURAL E ASSISTENCIAL MIE KENJIN DO BRASIL-SP,ADULTO (MAS),38,14,0,0,14,10,
4,FELIPE ANTONIAZZI DE OLIVEIRA,YARA CLUBE/ACADEMIA NELSON MACHADO/SELJ-MARÍLIA-SP,ADULTO (MAS),38,7,7,10,7,7,
5,HELOÍSA DA SILVA GRACIOLLA,ASSOC.JAUENSE DE T.M./PREFEITURA DE JAÚ-SP,SUB-11 FEM,38,10,7,7,7,7,
5,ANTÔNIO LORENZO NORBERTO SANTANA DE SOUZA,YARA CLUBE/ACADEMIA NELSON MACHADO/SELJ-MARÍLIA-SP,SUB-11 MAS,38,7,10,7,7,7,
4,NICOLAS TAKATSU CHOI,ASSOCIAÇÃO CULTURAL NIPO BRASILEIRA DE SÃO CAETANO DO SUL/BUNKA-SP,SUB-15 MAS,38,7,3,7,7,14,
4,LEONARDO SOUSA DE OLIVEIRA,ASSOCIAÇÃO DESPORTIVA CENTRO OLÍMPICO-SP,SUB-15 MAS,38,1,7,10,10,10,
4,EVERTON GONÇALVES VIANNA,MASTER PONG TT ACADEMIA-SP,VETERANO 45 MAS,38,14,0,0,14,10,
4,NEWTON  TAKAKI,KOSMOS CLUBE - SP,VETERANO 55 MAS,38,14,0,0,10,14,
6,PEDRO HENRIQUE POLITANO KOBAYASHI,TÊNIS DE MESA CASA VERDE-MI-SP,ADULTO (MAS),37,10,7,0,10,10,
5,JOAO MARCELO MARGATO LARGUEZA,CLUBE ITUANO DE ESPORTES-SP,SÊNIOR 35,37,0,7,10,10,10,
6,LARISSA YUKA TOYOTANI,ASSOCIAÇÃO ESPORTIVA RECREATIVA ATEME-SP,SUB-11 FEM,37,14,10,3,0,10,
5,ANNA BEATRIZ DE ANGELI PUDO,KOSMOS CLUBE - SP,SUB-15 FEM,37,3,10,7,7,10,
5,MÁRCIO MASSARU SAMBONMATSU,ACEMV / PREFEITURA DE VOTORANTIM / SEDESP-SP,VETERANO 50 MAS,37,10,10,7,3,7,
5,EVALDO LUÍS MARIANO DE MORAES,ASSOCIAÇÃO ATLÉTICA SALTENSE-SP,VETERANO 55 MAS,37,7,3,7,10,10,
5,FRANK SEIJI IWASHITA,ASSOCIAÇÃO ESPORTIVA RECREATIVA ATEME-SP,VETERANO 55 MAS,37,3,10,10,7,7,
6,FELIPE KENZO ASSUNÇÃO SANTOS,ASSOCIAÇÃO DESPORTIVA CENTRO OLÍMPICO-SP,SUB-15 MAS,36,7,3,3,3,20,
5,GIULIA MARTINELLI,SANTO ANDRÉ / ADSA  - SP,SUB-19 FEM,35,7,7,7,7,7,
5,CAYO  SEIICHI AIZAWA,SANTO ANDRÉ / ADSA  - SP,SUB-21 MAS,35,7,7,14,7,0,
4,LEONARDO ARATA,TOP SPIN BRASIL ACADEMY TENIS DE MESA LTDA-SP,ABSOLUTO A (MAS),34,10,3,7,14,0,
6,GABRIEL YUZO NAGASAKI,ASSOCIAÇÃO DESPORTIVA CENTRO OLÍMPICO-SP,SUB-11 MAS,34,7,10,0,7,10,
5,CAIO MAKOTO MURAKAMI,ASSOC. NOVA ERA DE T.M.-SP,SUB-19 MAS,34,3,7,10,7,7,
5,DAVID SALES DE SOUZA,CR SALDANHA DA GAMA/SANTA CECÍLIA/FUPES - SP,SUB-19 MAS,34,7,10,7,3,7,
4,MARIA EDUARDA PAIVA DA SILVA,CR SALDANHA DA GAMA/SANTA CECÍLIA/FUPES - SP,SUB-21 FEM,34,0,10,0,10,14,
6,RAFAEL ROSA TAKUSHI,TEAM MANCINI -SP,SUB-21 MAS,34,10,3,7,7,7,
4,CHARLEY KENJI SUZUKI,MASTER PONG TT ACADEMIA-SP,VETERANO 60 MAS,34,7,0,0,20,7,
3,ALMO BRACCESI,TEAM MANCINI -SP,VETERANO 70 MAS,34,7,10,0,7,10,
7,VINÍCIUS JUN SUNAMI,ASSOCIAÇÃO DESPORTIVA CENTRO OLÍMPICO-SP,SUB-13 MAS,33,10,3,7,3,10,
7,VINÍCIUS TITONELLI MOURA DA SILVA,ACEMV / PREFEITURA DE VOTORANTIM / SEDESP-SP,SUB-21 MAS,33,10,10,10,3,0,
6,NATÁLIA YUKI YAGYU,ITAIM KEIKO / JJYAMADA - SP,SUB-15 FEM,32,7,7,1,10,7,
7,GUSTAVO CHABREGAS DE ANDRADE,ASSOCIAÇÃO DESPORTIVA E CULTURAL ARTE DA LUTA - SP,SUB-11 MAS,31,3,7,7,7,7,
7,MURILO PIOTO SANTOS,POWER PONG TM/ASSOCIAÇÃO DOS MESATENISTAS DE CAMPINAS-SP,SUB-11 MAS,31,7,7,7,7,3,
7,CLARA FERNANDA DOS SANTOS,CLUBE DE TÊNIS DE MESA JACAREÍ - SP,SUB-15 FEM,31,7,7,7,3,7,
7,RAPHAEL KENZO TAKANO ITO,ASSOCIAÇÃO CULTURAL NIPO BRASILEIRA DE SÃO CAETANO DO SUL/BUNKA-SP,SUB-15 MAS,31,10,7,14,0,0,
4,DANILLO ALEXANDER PEDRA,CLUBE ITUANO DE ESPORTES-SP,VETERANO 40 MAS,31,10,14,0,0,7,
5,JACKELINE FERNANDES,SOCIEDADE ESPORTIVA PALMEIRAS-SP,VETERANO 45 FEM,31,7,7,10,7,0,
2,JANI AKIKO FUKUSEN CHEN,KOSMOS CLUBE - SP,VETERANO 60 FEM,31,7,10,0,0,14,
5,AMAURI VIRGILIO,ASSOCIAÇÃO ATLÉTICA PONTE PRETA COUNTRY CLUB-SP,VETERANO 60 MAS,31,10,14,0,7,0,
4,RUBENS FRANCISCO DE CAMPOS JUNIOR,ASSOC. NOVA ERA DE T.M.-SP,VETERANO 70 MAS,31,0,0,14,7,10,
5,VICTOR YUE,MASTER PONG TT ACADEMIA-SP,ABSOLUTO A (MAS),30,0,10,0,10,10,
5,THIAGO  PRADELLA,ITAIM KEIKO / JJYAMADA - SP,ABSOLUTO A (MAS),30,7,3,3,10,7,
7,JULIA BRABO SILVA,YARA CLUBE/ACADEMIA NELSON MACHADO/SELJ-MARÍLIA-SP,SUB-11 FEM,30,10,3,3,7,7,
8,WILLIAM EDUARDO RESENDE BUSSOM,NEW PONG - SÃO JOSÉ DO RIO PRETO/SP - ACADEMIA DE TÊNIS DE MESA,SUB-15 MAS,30,7,10,3,7,3,
4,THAIS PALMA VILHENA,ACADEMIA DE TÊNIS DE MESA LIFE PONG - SP,VETERANO 40 FEM,30,10,10,0,10,0,
6,BIANCA REGINA CHIROSA HORIE,ITAIM KEIKO / JJYAMADA - SP,VETERANO 45 FEM,30,10,0,0,10,10,
5,HEITOR HIROSHI CHAYA,SESI-SP/INSTITUTO MATOSTT - SP,VETERANO 45 MAS,30,10,10,0,0,10,
2,TEOCRITO NOEL SILVA CAMARGO,TIME JUNDIAÍ - SP,VETERANO 65 MAS,30,20,10,0,0,0,
4,CAMILA MIKA SERIKAWA,CLUBE ITUANO DE ESPORTES-SP,ABSOLUTO A (FEM),29,1,7,7,7,7,
4,GIOVANA YUNA SHIOZAKI,CLUBE ITUANO DE ESPORTES-SP,ABSOLUTO A (FEM),29,7,1,7,7,7,
7,MATHEUS YUJI KOJIMA KUGERT,SANTO ANDRÉ / ADSA  - SP,SUB-19 MAS,29,7,1,7,7,7,
7,VICTOR HUGO DE SOUZA MOURA,AFE ARARAQUARA-SP,ABSOLUTO A (MAS),28,3,1,3,7,14,
6,HELOÍSA ROMIO DA SILVA,ASSOCIAÇÃO DESPORTIVA CENTRO OLÍMPICO-SP,SUB-13 FEM,28,0,0,14,7,7,
6,VICTORIA CAROPRESO PASSARELLA,SOCIEDADE ESPORTIVA PALMEIRAS-SP,SUB-13 FEM,28,0,7,7,7,7,
5,ERONILDES NICOLAU MATIAS JÚNIOR,ACADEMIA DE TÊNIS DE MESA LIFE PONG - SP,VETERANO 40 MAS,28,0,0,0,14,14,
2,IVONE APARECIDA DOS SANTOS MATSUMOTO,ASSOCIAÇÃO NIKKEY SÃO JOSÉ DOS CAMPOS - SP,VETERANO 65 FEM,28,14,14,0,0,0,
3,RODRIGO MEIRELES CARRIL,AFE ARARAQUARA-SP,VETERANO 65 MAS,28,14,14,0,0,0,
5,RONALDO SHIGUENORI TOMA,ACEMV / PREFEITURA DE VOTORANTIM / SEDESP-SP,VETERANO 70 MAS,28,14,0,0,14,0,
6,SARA APARECIDA PANSERI VICENTIN DOS SANTOS,ASSOCIAÇÃO NIKKEY SÃO JOSÉ DOS CAMPOS - SP,ABSOLUTO A (FEM),27,7,10,7,3,0,
4,GUILHERME DE MAGALHÃES DEBONI,ASSOCIAÇÃO ESPORTIVA RECREATIVA ATEME-SP,SÊNIOR 30,27,0,7,10,3,7,
6,MAURICIO MAKOTO NARITA,ACADEMIA DUNAMIS DE TÊNIS DE MESA-SP,SÊNIOR 35,27,10,3,0,7,7,
4,ALEXANDRE BORNIOTTI JACON,JAU PONG TÊNIS DE MESA LTDA-SP,SUB-09 MAS,27,0,0,7,10,10,
8,ALÍCIA DUARTE ANDRADE,ESPORTE CLUBE PRAIA GRANDE - SP,SUB-15 FEM,27,10,3,0,7,7,
9,MATHEUS ANDRIOLO TAMBELLINI,ASSOCIAÇAO DOS MESATENISTAS DE TAUBATÉ - SP,SUB-15 MAS,27,3,3,7,7,7,
6,ANA CLARA PIRES GONZALES,ASSOC. NOVA ERA DE T.M.-SP,SUB-19 FEM,27,3,3,7,7,7,
8,LEANDRO SANCHES FERREIRA,ASSOCIAÇÃO DESPORTIVA CENTRO OLÍMPICO-SP,SUB-19 MAS,27,0,0,20,0,7,
7,EDIANE PELLIZZARO BRESCIANI,CLUBE ITUANO DE ESPORTES-SP,ABSOLUTO A (FEM),26,1,1,14,7,3,
10,EDUARDO RIBEIRO AZEVEDO,ITAIM KEIKO / JJYAMADA - SP,SUB-15 MAS,26,3,3,3,10,7,
7,EDISON FERNANDO MUSSI,TIME JUNDIAÍ - SP,VETERANO 55 MAS,25,1,7,10,0,7,
8,LANA NAMIE KANO OZEKI,ITAIM KEIKO / JJYAMADA - SP,ABSOLUTO A (FEM),24,0,0,0,14,10,
8,GABRIEL DE OLIVEIRA AMORIM CAVIQUIO,SANTO ANDRÉ / ADSA  - SP,ABSOLUTO A (MAS),24,7,3,14,0,0,
4,ESTEFANI DOS SANTOS TEODORO,ACEMV / PREFEITURA DE VOTORANTIM / SEDESP-SP,ADULTO (FEM),24,10,0,0,14,0,
7,IGOR PADOVAN,ASSOCIAÇÃO ATLÉTICA SALTENSE-SP,ADULTO (MAS),28,7,1,10,3,7,
8,ANA CLARA DE OLIVEIRA MACÊRA,YARA CLUBE/ACADEMIA NELSON MACHADO/SELJ-MARÍLIA-SP,SUB-11 FEM,24,7,0,7,7,3,
8,PLÍNIO GUINOSA AOKI,ITAIM KEIKO / JJYAMADA - SP,SUB-13 MAS,24,3,1,10,3,7,
8,PEDRO HENRIQUE OLIVEIRA DE MORAES,KOSMOS CLUBE - SP,SUB-13 MAS,24,3,10,7,3,1,
11,THEO ENRICO MURAKAMI TADIMA,ASSOCIAÇÃO CULTURAL NIPO BRASILEIRA DE SÃO CAETANO DO SUL/BUNKA-SP,SUB-15 MAS,24,10,14,0,0,0,
6,EVANDRO AZEVEDO NETO,ACADEMIA DE TÊNIS DE MESA LIFE PONG - SP,VETERANO 40 MAS,24,10,0,0,7,7,
6,ADALBERTO PIRES DE CAMPOS,ACEMV / PREFEITURA DE VOTORANTIM / SEDESP-SP,VETERANO 50 MAS,24,3,7,7,7,0,
8,FLAVIO MITSUO MATUGUMA,ITAIM KEIKO / JJYAMADA - SP,VETERANO 55 MAS,24,7,14,0,0,3,
6,EDSON APARECIDO LEGUTH,CR SALDANHA DA GAMA/SANTA CECÍLIA/FUPES - SP,VETERANO 70 MAS,24,0,0,0,10,14,
9,SARAH ALCÂNTARA SPÍNOLA MARTINS,ESPORTE CLUBE PRAIA GRANDE - SP,ABSOLUTO A (FEM),23,10,3,0,10,0,
8,GIOVANNI DIAS,SANTO ANDRÉ / ADSA  - SP,SUB-21 MAS,23,3,7,7,3,3,
9,GUSTAVO MINAMI USHISIMA,TOP SPIN BRASIL ACADEMY TENIS DE MESA LTDA-SP,ABSOLUTO A (MAS),22,0,1,7,7,7,
10,LAIS MIKA YUTA,ACEAS NIKKEI SUZANO - SP,ABSOLUTO A (FEM),21,1,7,3,3,7,
10,GUILHERME SPINELLI,ASSOCIAÇÃO NIKKEY SÃO JOSÉ DOS CAMPOS - SP,ABSOLUTO A (MAS),21,1,3,7,3,7,
5,MARINA FLORA GARCIA,CLUBE ITUANO DE ESPORTES-SP,ADULTO (FEM),21,14,0,0,7,0,
9,MANUELA LIMA,SOCIEDADE ESPORTIVA PALMEIRAS-SP,SUB-11 FEM,21,7,7,7,0,0,
10,PEDRO YUJI VISKI TOYOTANI,ASSOCIAÇÃO DESPORTIVA CENTRO OLÍMPICO-SP,SUB-13 MAS,21,3,7,3,1,7,
12,FELIPE GERMANO VIEIRA DE CASTRO,ASSOCIAÇÃO DESPORTIVA CENTRO OLÍMPICO-SP,SUB-15 MAS,21,3,7,3,7,1,
12,VITOR KENZO THIOFILO,TEAM MANCINI -SP,SUB-15 MAS,21,0,0,20,0,1,
5,GABRIELLE FREITAS DE REZENDE,SESI-SP/INSTITUTO MATOSTT - SP,SUB-21 FEM,21,0,7,7,0,7,
5,LAURA MAYUMI MATUMOTO GOZOLI,ACEMV / PREFEITURA DE VOTORANTIM / SEDESP-SP,SUB-21 FEM,21,0,7,7,7,0,
7,MANUEL NUNES BAPTISTA,ACADEMIA DE TÊNIS DE MESA LIFE PONG - SP,VETERANO 50 MAS,21,7,0,0,7,7,
11,TAMYRES TIEMI FUKASE,CR SALDANHA DA GAMA/SANTA CECÍLIA/FUPES - SP,ABSOLUTO A (FEM),20,10,10,0,0,0,
11,FELIPE HIDEKI DOTI ARADO,ASSOCIAÇÃO CULTURAL NIPO BRASILEIRA DE SÃO CAETANO DO SUL/BUNKA-SP,ABSOLUTO A (MAS),20,0,20,0,0,0,
11,LUAN BRUNO PARRA BARBOSA,NEW PONG ACADEMIA DE TÊNIS DE MESA/SJRP-SP,ABSOLUTO A (MAS),20,20,0,0,0,0,
6,GIOVANNA FARIA,CR SALDANHA DA GAMA/SANTA CECÍLIA/FUPES - SP,ADULTO (FEM),20,0,20,0,0,0,
3,CINTIA NAGANO CARMO,ACADEMIA DE TÊNIS DE MESA LIFE PONG - SP,LADY 30,20,20,0,0,0,0,
3,CAROLINA GARCIA,ASSOCIAÇÃO ESPORTIVA RECREATIVA ATEME-SP,LADY 35,20,10,10,0,0,0,
3,MARINA MARIANO DE OLIVEIRA,MASTER PONG TT ACADEMIA-SP,LADY 35,20,10,10,0,0,0,
5,WEMERSON MARCOS SILVA SANTOS,ASSOCIAÇÃO RCTM - SP,SÊNIOR 30,20,0,3,7,3,7,
5,ALBERTO DOS SANTOS TAVARES FILHO,AFE ARARAQUARA-SP,SÊNIOR 30,20,0,14,3,3,0,
5,ITALO HENRIQUE DOS SANTOS CESAR,CLUBE DE TÊNIS DE MESA JACAREÍ - SP,SÊNIOR 30,20,20,0,0,0,0,
7,LUIZ HENRIQUE DIAS,NOSSO CLUBE DE LIMEIRA-SP,SÊNIOR 35,20,0,20,0,0,0,
5,JOÃO PEDRO MARTINS CARVALHO,YARA CLUBE/ACADEMIA NELSON MACHADO/SELJ-MARÍLIA-SP,SUB-09 MAS,20,0,10,10,0,0,
11,LUIZ FELIPE DIAS MENDES,ASSOCIAÇÃO DESPORTIVA CENTRO OLÍMPICO-SP,SUB-13 MAS,20,0,7,3,7,3,
11,EDUARDO VIEIRA DOS SANTOS NEVES,UCEG-UNIÃO CULTURAL E ESPORTIVA GUARULHENSE-SP,SUB-13 MAS,20,3,3,7,7,0,
7,GABRIELA TEIXEIRA SPILARI,YARA CLUBE/ACADEMIA NELSON MACHADO/SELJ-MARÍLIA-SP,SUB-21 FEM,20,0,10,10,0,0,
7,MARIA ELOISA MENEZES PEREIRA BALBINO,YARA CLUBE/ACADEMIA NELSON MACHADO/SELJ-MARÍLIA-SP,SUB-21 FEM,20,10,0,10,0,0,
9,TIAGO FUZINATO PINA MODESTO,YARA CLUBE/ACADEMIA NELSON MACHADO/SELJ-MARÍLIA-SP,SUB-21 MAS,20,7,3,7,0,3,
3,CLEUSA NAOKO TOTAKE TAGUCHI,ITAIM KEIKO / JJYAMADA - SP,VETERANO 60 FEM,20,20,0,0,0,0,
3,TOYOMI ADACHI,ASSOC. NOVA ERA DE T.M.-SP,VETERANO 65 FEM,20,20,0,0,0,0,
1,VERA LÍGIA CANTIEIRO BINOTTO,ASSOCIAÇÃO RCTM - SP,VETERANO 70 FEM,20,0,20,0,0,0,
7,DEVANIR DE ARAUJO CERVI,AFE ARARAQUARA-SP,VETERANO 70 MAS,20,10,0,10,0,0,
1,NELSON AZEVEDO CARDOSO,TEAM MANCINI -SP,VETERANO 75 MAS,20,20,0,0,0,0,
9,GUILHERME JUN HOJO,ITAIM KEIKO / JJYAMADA - SP,SUB-11 MAS,19,7,7,3,1,1,
13,LÉO MAGNANI ARANHA RIBEIRO,ITAIM KEIKO / JJYAMADA - SP,SUB-13 MAS,19,7,1,7,1,3,
9,LUCAS AKIO TOCUDA YAMANE,ASSOCIAÇÃO CULTURAL NIPO BRASILEIRA DE SÃO CAETANO DO SUL/BUNKA-SP,SUB-19 MAS,19,3,3,3,7,3,
12,MARINA  MICHELIN,ASSOC. NOVA ERA DE T.M.-SP,ABSOLUTO A (FEM),18,3,1,7,7,0,
10,VITOR HUGO EVARISTO PINTO,SESI-SP/INSTITUTO MATOSTT - SP,SUB-19 MAS,18,3,1,10,3,1,
13,LUIGI KENDI TOCUDA YAMANE,ASSOCIAÇÃO CULTURAL NIPO BRASILEIRA DE SÃO CAETANO DO SUL/BUNKA-SP,ABSOLUTO A (MAS),17,7,7,3,0,0,
7,CAROLINA TERUMI HOSHIRO,TÊNIS DE MESA CASA VERDE-MI-SP,ADULTO (FEM),17,0,10,0,7,0,
8,ALEX EIKI SACCAI,TÊNIS DE MESA CASA VERDE-MI-SP,ADULTO (MAS),17,0,10,0,7,0,
8,MURILO STRANO CALTABIANO,ACADEMIA DE TÊNIS DE MESA LIFE PONG - SP,SÊNIOR 30,17,0,0,0,7,10,
10,LAVINIA MARQUES DE SOUZA,SESI-SP/INSTITUTO MATOSTT - SP,SUB-11 FEM,17,7,7,0,0,3,
10,PEDRO HENRIQUE SILVA TEODORO,CR SALDANHA DA GAMA/SANTA CECÍLIA/FUPES - SP,SUB-11 MAS,17,10,0,0,0,7,
9,ANA CLARA MICELI ARENAS,SANTO ANDRÉ / ADSA  - SP,SUB-15 FEM,17,3,7,3,1,3,
9,GRAZIELA MAYUMI UENO,SANTO ANDRÉ / ADSA  - SP,SUB-15 FEM,17,1,3,3,7,3,
14,FREDERICO ALCÂNTARA SPÍNOLA MARTINS,ESPORTE CLUBE PRAIA GRANDE - SP,SUB-15 MAS,17,14,3,0,0,0,
7,BIANCA ZANINI BALDI DE SOUZA,ESPORTE CLUBE PRAIA GRANDE - SP,SUB-19 FEM,17,3,7,0,0,7,
7,MARCO JIM GUI VALLIN,POWER PONG TM/ASSOCIAÇÃO DOS MESATENISTAS DE CAMPINAS-SP,VETERANO 40 MAS,17,7,7,0,3,0,
6,CARLOS ALBERTO  OLIVEIRA  MARTIN,INST. FAIR PLAY DE DESENVOLVIMENTO ESPORTIVO-SP,VETERANO 45 MAS,17,0,10,0,7,0,
4,ADRIANA ROSA DE OLIVEIRA,SESI-SP/INSTITUTO MATOSTT - SP,VETERANO 50 FEM,17,7,10,0,0,0,
6,NELSON TOSHIMITSU AZUMA,ASSOCIAÇÃO NIKKEY SÃO JOSÉ DOS CAMPOS - SP,VETERANO 60 MAS,17,3,0,0,7,7,
14,JEFERSON CARVALHO BENTO,CLUBE DE TÊNIS DE MESA DE PINDAMONHANGABA - SP,ABSOLUTO A (MAS),16,3,3,0,3,7,
14,FELIPE EIKI TAGAMI IKEDA,ASSOCIAÇÃO CULTURAL NIPO BRASILEIRA DE SÃO CAETANO DO SUL/BUNKA-SP,ABSOLUTO A (MAS),16,3,0,7,3,3,
14,VICTOR ARAKI,TOP SPIN BRASIL ACADEMY TENIS DE MESA LTDA-SP,ABSOLUTO A (MAS),16,3,7,0,3,3,
11,GABRIELA SAYURI SAITO,ACEMV / PREFEITURA DE VOTORANTIM / SEDESP-SP,SUB-15 FEM,16,7,3,3,3,0,
7,WILSON ALVES DA SILVA,ASSOCIAÇÃO ESPORTIVA RECREATIVA ATEME-SP,VETERANO 60 MAS,16,3,0,0,3,10,
15,YAN REZENDE DE FARIA,SESI-SP/INSTITUTO MATOSTT - SP,SUB-15 MAS,15,3,3,3,3,3,
11,GABRIEL CALIMAN RUIZ,SANTO ANDRÉ / ADSA  - SP,SUB-19 MAS,15,7,1,1,3,3,
17,ALLAN VALMIR AGUILAR GUERRERO SARMENTO,MASTER PONG TT ACADEMIA-SP,ABSOLUTO A (MAS),14,14,0,0,0,0,
8,CAROLINA DE SOUZA RODRIGUES,M2TM CENTRO DE TREINAMENTO DE TÊNIS DE MESA-SP,ADULTO (FEM),14,0,7,0,0,7,
8,ANA CLAUDIA CRESSONI DE CONTI,NEW PONG - SÃO JOSÉ DO RIO PRETO/SP - ACADEMIA DE TÊNIS DE MESA,ADULTO (FEM),14,0,0,14,0,0,
9,LUCAS NELINGTON DE OLIVEIRA PAULA,ASSOCIAÇÃO CULTURAL E DESPORTIVA DE ASSIS - SP,ADULTO (MAS),14,0,7,0,0,7,
9,PEDRO HENRIQUE GUEDES REZENDE PINTO,ESPORTE CLUBE PRAIA GRANDE - SP,ADULTO (MAS),14,0,14,0,0,0,
4,CELIA TOLEDO,ASSOCIAÇÃO RCTM - SP,LADY 30,14,0,14,0,0,0,
9,DE HONG JUNG,ASSOCIAÇÃO NIKKEY SÃO JOSÉ DOS CAMPOS - SP,SÊNIOR 30,14,14,0,0,0,0,
9,EDUARDO HENRIQUE FERRI SALINAS,NEW PONG - SÃO JOSÉ DO RIO PRETO/SP - ACADEMIA DE TÊNIS DE MESA,SÊNIOR 30,14,0,0,14,0,0,
9,MANUEL FREITAS CHAMBEL PAIVA,ITAIM KEIKO / JJYAMADA - SP,SÊNIOR 30,14,0,0,0,14,0,
8,RAFAEL NAKAMURA,CLUBE DE TÊNIS DE MESA DE PINDAMONHANGABA - SP,SÊNIOR 35,14,7,7,0,0,0,
5,LIZZY SANCHES TOHYAMA,ASSOCIAÇÃO CULTURAL E DESPORTIVA DE ASSIS - SP,SUB-09 FEM,14,0,0,14,0,0,
6,JOAQUIM JORDÃO DE MAGALHÃES DORTA,BERTIOGA TÊNIS DE MESA - SP,SUB-09 MAS,14,0,0,0,7,7,
6,LORENZO DIAS NOVELLETTO,ASSOCIAÇAO DOS MESATENISTAS DE TAUBATÉ - SP,SUB-09 MAS,14,0,7,0,0,7,
11,CAROLINE MESSIAS LOUREIRO,YARA CLUBE/ACADEMIA NELSON MACHADO/SELJ-MARÍLIA-SP,SUB-11 FEM,14,0,0,7,7,0,
8,EMILY PRADO ROCCHI FOGAGNOLO,JAU PONG TÊNIS DE MESA LTDA-SP,SUB-13 FEM,14,0,7,7,0,0,
14,IGOR KOITI HIGA TENGAN,SANTO ANDRÉ / ADSA  - SP,SUB-13 MAS,14,3,3,0,7,1,
12,MARIA EDUARDA PIETRA OLIVEIRA FURNO,CR SALDANHA DA GAMA/SANTA CECÍLIA/FUPES - SP,SUB-15 FEM,14,3,3,7,1,0,
16,MURILO TASSI,YARA CLUBE/ACADEMIA NELSON MACHADO/SELJ-MARÍLIA-SP,SUB-15 MAS,14,1,3,10,0,0,
8,ANI BARBARA MURAKAMI TADIMA,ASSOCIAÇÃO CULTURAL NIPO BRASILEIRA DE SÃO CAETANO DO SUL/BUNKA-SP,SUB-19 FEM,14,7,0,0,0,7,
12,VITOR KENJI MOTIZUKI UIEDA,ASSOCIAÇÃO CULTURAL NIPO BRASILEIRA DE SÃO CAETANO DO SUL/BUNKA-SP,SUB-19 MAS,14,0,7,1,3,3,
10,VICTOR PINHATAR,ASSOC. NOVA ERA DE T.M.-SP,SUB-21 MAS,14,0,0,0,0,14,
10,KAUÊ AUGUSTO FERREIRA ARAÚJO,YARA CLUBE/ACADEMIA NELSON MACHADO/SELJ-MARÍLIA-SP,SUB-21 MAS,14,0,0,7,0,7,
5,ANGELA CRISTINA DE OLIVEIRA MARQUES,YARA CLUBE/ACADEMIA NELSON MACHADO/SELJ-MARÍLIA-SP,VETERANO 40 FEM,14,0,0,14,0,0,
7,FERNANDA MARA DOS SANTOS,ASSOCIAÇÃO NIKKEY SÃO JOSÉ DOS CAMPOS - SP,VETERANO 45 FEM,14,7,0,0,7,0,
7,RAFAEL ZUIANI KAVAMURA,TIME JUNDIAÍ - SP,VETERANO 45 MAS,14,7,0,0,0,7,
7,MÁRCIO ROGÉRIO CALIXTO PEREIRA,ACEMV / PREFEITURA DE VOTORANTIM / SEDESP-SP,VETERANO 45 MAS,14,7,0,0,7,0,
9,SANDRO FRANCO DA MOTTA,MASTER PONG TT ACADEMIA-SP,VETERANO 55 MAS,14,1,7,0,3,3,
4,MONICA CRISTINA CAMARGO NEVES,YARA CLUBE/ACADEMIA NELSON MACHADO/SELJ-MARÍLIA-SP,VETERANO 60 FEM,14,0,0,14,0,0,
4,TOYOMI ADACHI,ASSOC. NOVA ERA DE T.M.-SP,VETERANO 60 FEM,14,0,14,0,0,0,
8,LUIZ CARLOS DE SOUZA,YARA CLUBE/ACADEMIA NELSON MACHADO/SELJ-MARÍLIA-SP,VETERANO 60 MAS,14,0,0,14,0,0,
4,OTHON MERCADANTE BECKER,MASTER PONG TT ACADEMIA-SP,VETERANO 65 MAS,14,0,0,0,0,14,
13,BRUNNA RODRIGUES DE MELO ROSA,ASSOCIAÇÃO CULTURAL NIPO BRASILEIRA DE SÃO CAETANO DO SUL/BUNKA-SP,ABSOLUTO A (FEM),13,3,7,3,0,0,
11,DÊNIS CORRÊA MATSUI.,ASSOCIAÇÃO ATLÉTICA SALTENSE-SP,ADULTO (MAS),13,3,3,7,0,0,
12,JOÃO VICTOR ROCHA SOARES,ITAIM KEIKO / JJYAMADA - SP,SÊNIOR 30,13,3,0,0,10,0,
9,ANA JÚLIA SIMÕES CACERES,ASSOCIAÇÃO DESPORTIVA CENTRO OLÍMPICO-SP,SUB-13 FEM,13,0,0,3,7,3,
15,GABRIEL JOSÉ MENEZES BALBINO PEREIRA,YARA CLUBE/ACADEMIA NELSON MACHADO/SELJ-MARÍLIA-SP,SUB-13 MAS,13,3,1,3,3,3,
17,DANIEL HIROYUKI IZUMI,CLUBE DE TÊNIS DE MESA JACAREÍ - SP,SUB-15 MAS,13,3,1,7,1,1,
8,FLÁVIO TSUDA,POWER PONG TM/ASSOCIAÇÃO DOS MESATENISTAS DE CAMPINAS-SP,VETERANO 50 MAS,13,3,7,0,3,0,
12,JONATHAN MOREIRA RODRIGUES,ASSOCIAÇÃO ATLÉTICA SALTENSE-SP,ADULTO (MAS),12,3,3,0,3,3,
12,LAURA DE OLIVEIRA COLOMBO,YARA CLUBE/ACADEMIA NELSON MACHADO/SELJ-MARÍLIA-SP,SUB-11 FEM,12,0,3,3,3,3,
13,KEVIN DUARTE GOES DE SOUZA,SESI-SP/INSTITUTO MATOSTT - SP,SUB-19 MAS,12,0,3,3,3,3,
10,EDSON TADASHI HOSHIRO,TÊNIS DE MESA CASA VERDE-MI-SP,VETERANO 55 MAS,12,3,3,0,3,3,
9,MARCOS ANTÔNIO DE LIMA JUNIOR,CERÂMICA CLUBE - SP,SÊNIOR 35,11,3,1,0,0,7,
11,LUCAS FILA COSTA PINTO,ASSOC.JAUENSE DE T.M./PREFEITURA DE JAÚ-SP,SUB-11 MAS,11,3,1,3,1,3,
16,PEDRO KINOSHITA KAKUDA,ASSOCIAÇÃO ESPORTIVA RECREATIVA ATEME-SP,SUB-13 MAS,11,3,1,0,0,7,
16,NICHOLAS SILVERIO FIGUEIREDO LEITE,TEAM MANCINI -SP,SUB-13 MAS,11,1,3,3,1,3,
16,PAULO RICARDO RODRIGUES BARBOSA,ESPORTE CLUBE PRAIA GRANDE - SP,SUB-13 MAS,11,1,3,3,1,3,
16,ARTHUR RYUICHI MOREIRA FUKUDA,UCEG-UNIÃO CULTURAL E ESPORTIVA GUARULHENSE-SP,SUB-13 MAS,11,1,3,3,3,1,
13,KARINA YUKARI IDO SATO,ITAIM KEIKO / JJYAMADA - SP,SUB-15 FEM,11,1,3,1,3,3,
13,MARIA FERNANDA CHARANTOLA,YARA CLUBE/ACADEMIA NELSON MACHADO/SELJ-MARÍLIA-SP,SUB-15 FEM,11,3,3,1,3,1,
18,FELIPE DE TOLEDO MARESCA,ASSOCIAÇÃO CULTURAL NIPO BRASILEIRA DE SÃO CAETANO DO SUL/BUNKA-SP,SUB-15 MAS,11,1,1,1,1,7,
18,RYAN OLIVEIRA,ASSOCIAÇÃO RCTM - SP,SUB-15 MAS,11,1,1,1,1,7,
14,DANIEL CANTO GONÇALVES,CLUBE DE TÊNIS DE MESA JACAREÍ - SP,SUB-19 MAS,11,3,3,3,1,1,
18,CLAUDIO MASSAD,SESI-SP/INSTITUTO MATOSTT - SP,ABSOLUTO A (MAS),10,3,0,1,3,3,
18,HAMILTON KENZO HATO YAMANE,ASSOCIAÇÃO CULTURAL NIPO BRASILEIRA DE SÃO CAETANO DO SUL/BUNKA-SP,ABSOLUTO A (MAS),10,0,10,0,0,0,
18,KIM TAKAYASU IWASAKI,CR SALDANHA DA GAMA/SANTA CECÍLIA/FUPES - SP,ABSOLUTO A (MAS),10,10,0,0,0,0,
10,KAROLEN SANTANA ROSSI,NEW PONG - SÃO JOSÉ DO RIO PRETO/SP - ACADEMIA DE TÊNIS DE MESA,ADULTO (FEM),10,0,0,10,0,0,
10,MARCELA DE OLIVEIRA SPINELLI,"INSTITUTO SOCIAL, CULTURAL E ESPORTIVO DE SERTÃOZINHO-SP",ADULTO (FEM),10,0,0,10,0,0,
5,FRANCINE CRISTINA DOS SANTOS,"INSTITUTO SOCIAL, CULTURAL E ESPORTIVO DE SERTÃOZINHO-SP",LADY 30,10,0,0,10,0,0,
13,RAFAEL NAKAMURA,SOCIEDADE ESPORTIVA PALMEIRAS-SP,SÊNIOR 30,10,0,0,0,0,10,
13,FABRÍCIO DE SOUZA MARUTA,POWER PONG TM/ASSOCIAÇÃO DOS MESATENISTAS DE CAMPINAS-SP,SÊNIOR 30,10,3,7,0,0,0,
13,MARCELO DE SOTTI SABBO SANCHES,NEW PONG - SÃO JOSÉ DO RIO PRETO/SP - ACADEMIA DE TÊNIS DE MESA,SÊNIOR 30,10,0,0,10,0,0,
13,MATEUS SUEKI RIBEIRO IZUMI,CLUBE DE TÊNIS DE MESA DE PINDAMONHANGABA - SP,SÊNIOR 30,10,10,0,0,0,0,
13,WAMBERTO  MATSUDA FREIRE,SANTO ANDRÉ / ADSA  - SP,SÊNIOR 30,10,0,10,0,0,0,
10,PEDRO PENIDO FERREIRA,ASSOCIAÇÃO NIKKEY SÃO JOSÉ DOS CAMPOS - SP,SÊNIOR 35,10,0,0,0,7,3,
10,BRUNO FELIPE DE SOUZA ARAÚJO,ACEMV / PREFEITURA DE VOTORANTIM / SEDESP-SP,SÊNIOR 35,10,3,0,0,7,0,
10,RODRIGO DA COSTA ALVES,CERÂMICA CLUBE - SP,SÊNIOR 35,10,0,10,0,0,0,
10,TIAGO SILVA KAKEYA,ASSOC. NOVA ERA DE T.M.-SP,SÊNIOR 35,10,3,0,0,7,0,
8,DAVI MAGNANI RODRIGUES PADULA,YARA CLUBE/ACADEMIA NELSON MACHADO/SELJ-MARÍLIA-SP,SUB-09 MAS,10,0,0,10,0,0,
12,TIAGO YERA NAKAJUM,YARA CLUBE/ACADEMIA NELSON MACHADO/SELJ-MARÍLIA-SP,SUB-11 MAS,10,0,1,3,3,3,
10,BIANCA RODRIGUES PACHECO BORGES,TEAM MANCINI -SP,SUB-13 FEM,10,0,10,0,0,0,
15,MARIA CLARA MORALES LIDUENHA,ASSOC.JAUENSE DE T.M./PREFEITURA DE JAÚ-SP,SUB-15 FEM,10,1,1,7,0,1,
20,EDUARDO ARAUJO DE DOMINICIS,ITAIM KEIKO / JJYAMADA - SP,SUB-15 MAS,10,3,0,1,3,3,
20,MATHEUS.LAZARETE RAMOS,SANTO ANDRÉ / ADSA  - SP,SUB-15 MAS,10,0,1,3,3,3,
20,DAVID DOS REIS TOMAZ,SANTO ANDRÉ / ADSA  - SP,SUB-15 MAS,10,3,3,3,1,0,
15,RAPHAEL KENZO TAKANO ITO,ASSOCIAÇÃO CULTURAL NIPO BRASILEIRA DE SÃO CAETANO DO SUL/BUNKA-SP,SUB-19 MAS,10,0,0,0,7,3,
15,GUILHERME HENRIQUE DINIZ LIMA,CLUBE DE TÊNIS DE MESA JACAREÍ - SP,SUB-19 MAS,10,3,7,0,0,0,
9,JULIA MENDES RETOZI DE MATOS,ASSOCIACAO BETHEL DE BOTUCATU-SP,SUB-21 FEM,10,0,0,0,0,10,
12,MATEUS CARNEIRO BOTELHO,TEAM MANCINI -SP,SUB-21 MAS,10,0,0,0,0,10,
6,IRENE DUARTE ANDRADE,ESPORTE CLUBE PRAIA GRANDE - SP,VETERANO 40 FEM,10,0,0,0,0,10,
6,JANY LUCIA MANTOVAN YASSUDA,NEW PONG - SÃO JOSÉ DO RIO PRETO/SP - ACADEMIA DE TÊNIS DE MESA,VETERANO 40 FEM,10,0,0,10,0,0,
8,GUILHERME RIGGIO IFANGER,POWER PONG TM/ASSOCIAÇÃO DOS MESATENISTAS DE CAMPINAS-SP,VETERANO 40 MAS,10,0,7,0,3,0,
8,NILSON NOBORU TOHYAMA,ASSOCIAÇÃO CULTURAL E DESPORTIVA DE ASSIS - SP,VETERANO 40 MAS,10,0,0,10,0,0,
8,THIAGO SILVA CERQUEIRA,ASSOC. NOVA ERA DE T.M.-SP,VETERANO 40 MAS,10,0,0,10,0,0,
8,ANDERSON MACHIDA NAGANO,ASSOCIAÇÃO CULTURAL E ASSISTENCIAL MIE KENJIN DO BRASIL-SP,VETERANO 40 MAS,10,3,0,0,7,0,
8,MARCO AURÉLIO LEMES,TIME JUNDIAÍ - SP,VETERANO 40 MAS,10,7,3,0,0,0,
9,CARLOS ALBERTO MAIELLO JUNIOR,ASSOC. NOVA ERA DE T.M.-SP,VETERANO 45 MAS,10,0,0,10,0,0,
5,ANGELA KIYOMI OSHIKAWA,TONANTEAMT.MESA-SP,VETERANO 50 FEM,10,0,0,0,0,10,
9,LUÍS CLÁUDIO RODRIGUES MARROCHI,SOCIEDADE ESPORTIVA PALMEIRAS-SP,VETERANO 50 MAS,10,0,0,0,3,7,
9,RODRIGO SÉ PATRÍCIO DE BARROS,ASSOC. NOVA ERA DE T.M.-SP,VETERANO 50 MAS,10,0,0,10,0,0,
11,YOSHIMITSU CLÁUDIO CHIBA,ITAIM KEIKO / JJYAMADA - SP,VETERANO 55 MAS,10,1,3,0,3,3,
6,DIRCE TAVARES DA SILVA MOREIRA,SESI-SP/INSTITUTO MATOSTT,VETERANO 60 FEM,10,10,0,0,0,0,
6,LAURA SILVIA DE ALMEIDA MISAEL,ASSOCIAÇÃO CULTURAL E DESPORTIVA DE ASSIS - SP,VETERANO 60 FEM,10,0,0,10,0,0,
3,KIYOKO TAKAHASHI,MASTER PONG TT ACADEMIA-SP,VETERANO 75 FEM,10,10,0,0,0,0,
3,VERA LUCIA DE OLIVEIRA LOPES,MASTER PONG TT ACADEMIA-SP,VETERANO 75 FEM,10,10,0,0,0,0,
21,SAMUEL FERNANDES BARBOSA SILVA,SOCIEDADE ESPORTIVA PALMEIRAS-SP,ABSOLUTO A (MAS),9,1,3,1,1,3,
13,DAVI KENJI PRADO SUZUKI,KOSMOS CLUBE - SP,SUB-11 MAS,9,0,3,0,3,3,
20,ENZO PIRES,SANTO ANDRÉ / ADSA  - SP,SUB-13 MAS,9,1,3,3,1,1,
23,PAULO EDUARDO RODRIGUES ARRUDA,POWER PONG TM/ASSOCIAÇÃO DOS MESATENISTAS DE CAMPINAS-SP,SUB-15 MAS,9,1,1,3,3,1,
17,ENZO BELUCO DE CAMARGO,ITAIM KEIKO / JJYAMADA - SP,SUB-19 MAS,9,1,3,1,1,3,
17,JOSÉ HENRIQUE MARIANO,ASSOC. NOVA ERA DE T.M.-SP,SUB-19 MAS,9,1,1,3,1,3,
17,ISAAC ELEUTERIO PEIXOTO SILVA,ESPORTE CLUBE PRAIA GRANDE - SP,SUB-19 MAS,9,3,1,3,1,1,
17,VITOR HIROKI SILVA MOTIKAWA,ASSOCIAÇÃO CULTURAL NIPO BRASILEIRA DE SÃO CAETANO DO SUL/BUNKA-SP,SUB-19 MAS,9,3,1,1,3,1,
17,VICTOR PINHATAR,ASSOC. NOVA ERA DE T.M.-SP,SUB-19 MAS,9,0,1,7,1,0,
13,GUILHERME ALVES DA SILVEIRA,NEW PONG - SÃO JOSÉ DO RIO PRETO/SP - ACADEMIA DE TÊNIS DE MESA,SUB-21 MAS,9,0,0,3,3,3,
9,MARCO ANTÔNIO DE  ARAÚJO,ASSOCIAÇÃO ESPORTIVA RECREATIVA ATEME-SP,VETERANO 60 MAS,9,3,0,0,3,3,
14,NICHOLAS CASTILHO MESTRE,TIME JUNDIAÍ - SP,SÊNIOR 35,8,7,1,0,0,0,
24,FELIPE ROLIM IANELLO,SANTO ANDRÉ / ADSA  - SP,SUB-15 MAS,8,0,1,1,3,3,
22,FELIPE CAMARA NOGUCHI,ESPORTE CLUBE PRAIA GRANDE - SP,SUB-19 MAS,8,7,1,0,0,0,
14,KÁTIA AKEMI KAWAI,ASSOCIAÇÃO NIKKEY SÃO JOSÉ DOS CAMPOS - SP,ABSOLUTO A (FEM),7,0,0,0,0,7,
14,GABRIELLE PINCERATO,ASSOCIAÇÃO CULTURAL NIPO BRASILEIRA DE SÃO CAETANO DO SUL/BUNKA-SP,ABSOLUTO A (FEM),7,3,1,3,0,0,
14,GIOVANNA FARIA,CR SALDANHA DA GAMA/SANTA CECÍLIA/FUPES - SP,ABSOLUTO A (FEM),7,7,0,0,0,0,
14,KATHARINA LEAL GOTO,TOP SPIN BRASIL ACADEMY TENIS DE MESA LTDA-SP,ABSOLUTO A (FEM),7,0,1,3,3,0,
22,PAULO SÉRGIO SALMIN FILHO,SESI-SP/INSTITUTO MATOSTT - SP,ABSOLUTO A (MAS),7,0,0,1,3,3,
22,HENRIQUE KENJI KIMURA NOGUTI,ASSOCIAÇÃO CULTURAL NIPO BRASILEIRA DE SÃO CAETANO DO SUL/BUNKA-SP,ABSOLUTO A (MAS),7,0,7,0,0,0,
22,KENZO AUGUSTO KANO CARMO,ASSOCIAÇÃO CULTURAL NIPO BRASILEIRA DE SÃO CAETANO DO SUL/BUNKA-SP,ABSOLUTO A (MAS),7,0,7,0,0,0,
12,RAYANE CARLA DURÃES CARLINI,ASSOCIAÇÃO ATLÉTICA SALTENSE-SP,ADULTO (FEM),7,0,0,0,0,7,
12,ISABELLA MEI INAMURA YOSHIOKA,CLUBE ITUANO DE ESPORTES-SP,ADULTO (FEM),7,0,7,0,0,0,
13,HEINZ BENDEZU,ACADEMIA DUNAMIS DE TÊNIS DE MESA-SP,ADULTO (MAS),7,7,0,0,0,0,
13,JOÃO VICTOR MACIEL DA COSTA,ACEMV / PREFEITURA DE VOTORANTIM / SEDESP-SP,ADULTO (MAS),7,0,0,0,7,0,
13,TIAGO SILVA KAKEYA,ASSOC. NOVA ERA DE T.M.-SP,ADULTO (MAS),7,0,0,7,0,0,
18,ADRIANO EIRA DOS SANTOS SACRAS,YARA CLUBE/ACADEMIA NELSON MACHADO/SELJ-MARÍLIA-SP,SÊNIOR 30,7,0,0,7,0,0,
18,LUCAS ARRUDA MENDES,ACEMV / PREFEITURA DE VOTORANTIM / SEDESP-SP,SÊNIOR 30,7,7,0,0,0,0,
18,RAFAEL EDUARDO ZACHARIAS HIRAMA,CLUBE ITUANO DE ESPORTES-SP,SÊNIOR 30,7,7,0,0,0,0,
18,VINÍCIUS BORGES ANTUNES,ASSOCIAÇÃO CULTURAL E ASSISTENCIAL MIE KENJIN DO BRASIL-SP,SÊNIOR 30,7,0,7,0,0,0,
15,LEONARDO PEREIRA TAMELINI,ASSOCIAÇÃO CULTURAL E DESPORTIVA DE ASSIS - SP,SÊNIOR 35,7,0,0,7,0,0,
15,LUÍS GUSTAVO DE OLIVEIRA VILELA,ARAÇA PONG / SMELR ARAÇATUBA – SP,SÊNIOR 35,7,0,0,7,0,0,
15,MARCUS VINICIUS MAIA DA CRUZ,NEW PONG - SÃO JOSÉ DO RIO PRETO/SP - ACADEMIA DE TÊNIS DE MESA,SÊNIOR 35,7,0,0,7,0,0,
15,RAFAEL EDUARDO ZACHARIAS HIRAMA,CLUBE ITUANO DE ESPORTES-SP,SÊNIOR 35,7,0,7,0,0,0,
15,RODRIGO CALABRIA,SOCIEDADE ESPORTIVA PALMEIRAS-SP,SÊNIOR 35,7,7,0,0,0,0,
6,ANA CLARA ABRUCEZZI COQUEIRO,YARA CLUBE/ACADEMIA NELSON MACHADO/SELJ-MARÍLIA-SP,SUB-09 FEM,7,0,0,7,0,0,
9,FELIPE MORIYA ANTONIO,M2TM CENTRO DE TREINAMENTO DE TÊNIS DE MESA-SP,SUB-09 MAS,7,0,0,0,0,7,
9,FELIPE XAVIER DOS SANTOS,YARA CLUBE/ACADEMIA NELSON MACHADO/SELJ-MARÍLIA-SP,SUB-09 MAS,7,0,0,7,0,0,
9,GABRIEL VIEIRA GALLINA,JAU PONG TÊNIS DE MESA LTDA-SP,SUB-09 MAS,7,0,7,0,0,0,
9,ISAAC EDUARDO MARIA BARBOSA,YARA CLUBE/ACADEMIA NELSON MACHADO/SELJ-MARÍLIA-SP,SUB-09 MAS,7,0,0,7,0,0,
9,RYAN DANIEL PRATO LOPES,YARA CLUBE/ACADEMIA NELSON MACHADO/SELJ-MARÍLIA-SP,SUB-09 MAS,7,0,0,7,0,0,
13,LARA ARRUDA ESPINDOLA,SESI-SP/INSTITUTO MATOSTT - SP,SUB-11 FEM,7,0,0,0,0,7,
14,MIGUEL CHAGAS DE ALMEIDA,ASSOC. NOVA ERA DE T.M.-SP,SUB-11 MAS,7,0,0,7,0,0,
11,ANA LETICIA BRETHERICK PEREIRA,ASSOCIAÇAO DOS MESATENISTAS DE TAUBATÉ - SP,SUB-13 FEM,7,0,0,0,0,7,
21,ALEX MARUYAMA ANDRADA,KOSMOS CLUBE - SP,SUB-13 MAS,7,3,1,1,1,1,
16,SAMARA ALVES DA SILVA,ASSOCIAÇÃO DESPORTIVA CENTRO OLÍMPICO-SP,SUB-15 FEM,7,0,0,3,1,3,
25,GUILHERME AUGUSTO CÂNDIDO FERREIRA,SESI-SP/INSTITUTO MATOSTT - SP,SUB-15 MAS,7,1,1,1,1,3,
25,LEONARDO AMAKU ISHIKAWA,YARA CLUBE/ACADEMIA NELSON MACHADO/SELJ-MARÍLIA-SP,SUB-15 MAS,7,1,1,1,1,3,
9,ISABELLE REIS SOUZA,"INSTITUTO SOCIAL, CULTURAL E ESPORTIVO DE SERTÃOZINHO-SP",SUB-19 FEM,7,0,0,7,0,0,
23,PEDRO AUGUSTO VIEIRA RAMOS,TEAM MANCINI -SP,SUB-19 MAS,7,1,1,1,1,3,
23,BRENO TOSSATO VENTUROLI,SANTO ANDRÉ / ADSA  - SP,SUB-19 MAS,7,1,3,1,1,1,
23,JOÃO CEZAR BITTENCOURT MAYER,ACEAS NIKKEI SUZANO - SP,SUB-19 MAS,7,1,1,3,1,1,
10,ALICE DINIZ FERREIRA,SESI-SP/INSTITUTO MATOSTT - SP,SUB-21 FEM,7,0,0,0,0,7,
10,MARIA EDUARDA FERREIRA MARTINS,"INSTITUTO SOCIAL, CULTURAL E ESPORTIVO DE SERTÃOZINHO-SP",SUB-21 FEM,7,0,0,7,0,0,
13,KENGI RICARDO YASSUDA,NEW PONG - SÃO JOSÉ DO RIO PRETO/SP - ACADEMIA DE TÊNIS DE MESA,VETERANO 40 MAS,7,0,0,7,0,0,
10,LUIS CLAUDIO TOBARU TIBANA,ITAIM KEIKO / JJYAMADA - SP,VETERANO 45 MAS,7,0,0,0,7,0,
10,VALDEMIR DE MACEDO TEIXEIRA JÚNIOR,TOP SPIN BRASIL ACADEMY TENIS DE MESA LTDA-SP,VETERANO 45 MAS,7,0,0,0,7,0,
11,DENNY NAKAGAWA,ASSOCIAÇÃO NIKKEY SÃO JOSÉ DOS CAMPOS - SP,VETERANO 50 MAS,7,7,0,0,0,0,
12,REINALDO FURUUTI,POWER PONG TM/ASSOCIAÇÃO DOS MESATENISTAS DE CAMPINAS-SP,VETERANO 55 MAS,7,1,3,0,3,0,
12,ROGERIO CAPOBIANCO,MASTER PONG TT ACADEMIA-SP,VETERANO 55 MAS,7,7,0,0,0,0,
12,VANDERLEI PEDRO DE SOUZA,ASSOCIAÇÃO ATLÉTICA SALTENSE-SP,VETERANO 55 MAS,7,7,0,0,0,0,
8,TISUKO IAMAGUTI,MASTER PONG TT ACADEMIA-SP,VETERANO 60 FEM,7,7,0,0,0,0,
10,OSNIMAR CARLOS WERNER,ITAIM KEIKO / JJYAMADA - SP,VETERANO 60 MAS,7,7,0,0,0,0,
18,JÚLIA LAINA DE SOUSA,ASSOC. NOVA ERA DE T.M.-SP,ABSOLUTO A (FEM),6,3,3,0,0,0,
25,KHRISTOPHER KEISKE OGASAWARA,ASSOC. NOVA ERA DE T.M.-SP,ABSOLUTO A (MAS),6,0,0,0,3,3,
16,LUCAS DE OLIVEIRA LEITE,ACEMV / PREFEITURA DE VOTORANTIM / SEDESP-SP,ADULTO (MAS),6,3,0,0,3,0,
16,MATEUS MARTINS FREITAS,ACEMV / PREFEITURA DE VOTORANTIM / SEDESP-SP,ADULTO (MAS),6,3,0,0,3,0,
22,ALBERTH MARAIA DA COSTA,M2TM CENTRO DE TREINAMENTO DE TÊNIS DE MESA-SP,SÊNIOR 30,6,3,3,0,0,0,
20,BRUNO DE CASTRO MIRANDA,ITAIM KEIKO / JJYAMADA - SP,SÊNIOR 35,6,3,0,0,0,3,
22,MIGUEL YOSHIO KATAYAMA IZUMI,CLUBE DE TÊNIS DE MESA JACAREÍ - SP,SUB-13 MAS,6,1,1,0,1,3,
10,ANAUÁ NOGUEIRA SANTOS SIQUEIRA,ASSOCIACAO BETHEL DE BOTUCATU-SP,SUB-19 FEM,6,0,0,0,3,3,
10,LUISA ARGENTINO ROSA,ASSOCIACAO BETHEL DE BOTUCATU-SP,SUB-19 FEM,6,0,0,0,3,3,
10,RAONY NOGUEIRA SANTOS SIQUEIRA,ASSOCIACAO BETHEL DE BOTUCATU-SP,SUB-19 FEM,6,0,0,0,3,3,
10,VITÓRIA TRINDADE DOS SANTOS,ASSOCIACAO BETHEL DE BOTUCATU-SP,SUB-19 FEM,6,0,0,0,3,3,
10,LETÍCIA MIYUKI MATSUKAWA,ACEMV / PREFEITURA DE VOTORANTIM / SEDESP-SP,SUB-19 FEM,6,3,3,0,0,0,
26,RAFAEL VINICIUS VIEIRA FURUTANI DE OLIVEIRA,KOSMOS CLUBE - SP,SUB-19 MAS,6,1,3,0,1,1,
26,ROGÉRIO RONCATTO CARVALHO,CLUBE DE CAMPO DE PIRACICABA-CCP-SP,SUB-19 MAS,6,0,3,0,3,0,
14,BRUNNO CESAR BARRETO,ASSOCIAÇÃO NIKKEY SÃO JOSÉ DOS CAMPOS - SP,SUB-21 MAS,6,3,3,0,0,0,
14,DANIEL DA SILVA JÚLIO,ACEMV / PREFEITURA DE VOTORANTIM / SEDESP-SP,SUB-21 MAS,6,3,0,0,3,0,
14,LEONARDO SANCHES MUNICELLI,CLUBE DE CAMPO DE PIRACICABA-CCP-SP,VETERANO 40 MAS,6,0,0,0,3,3,
14,EDUARDO ROBERTO DA SILVA,TIME JUNDIAÍ - SP,VETERANO 40 MAS,6,3,3,0,0,0,
11,MAX AUGUSTO DOS SANTOS,CERÂMICA CLUBE - SP,VETERANO 60 MAS,6,3,0,0,0,3,
15,MURILO LUIZ DINIZ DA SILVA,SESI-SP/INSTITUTO MATOSTT - SP,SUB-11 MAS,5,3,1,0,0,1,
23,CRISTIAN MARTINELLI,ACADEMIA DE TÊNIS DE MESA LIFE PONG - SP,SUB-13 MAS,5,1,1,1,1,1,
23,DAVI ANTONELLI NASCIMENTO LEAO,ASSOCIAÇÃO RCTM - SP,SUB-13 MAS,5,1,1,1,1,1,
23,LUCAS M MARQUES,ASSOCIAÇÃO OURINHENSE DE BEM ESTAR-SP,SUB-13 MAS,5,1,1,1,1,1,
23,ENZO CECCATO,ACADEMIA DUNAMIS DE TÊNIS DE MESA-SP,SUB-13 MAS,5,1,1,0,3,0,
23,BRUNO RYU MATSUMOTO NAKAMURA,ITAIM KEIKO / JJYAMADA - SP,SUB-13 MAS,5,1,1,0,3,0,
17,LUÍSA CHABREGAS DE ANDRADE,ASSOCIAÇÃO DESPORTIVA E CULTURAL ARTE DA LUTA - SP,SUB-15 FEM,5,1,1,1,1,1,
27,HEITOR FERNANDES DA CRUZ,ASSOCIAÇÃO DESPORTIVA CENTRO OLÍMPICO-SP,SUB-15 MAS,5,1,1,1,1,1,
27,PIETRO MIGUEL PHAIFFER,POWER PONG TM/ASSOCIAÇÃO DOS MESATENISTAS DE CAMPINAS-SP,SUB-15 MAS,5,1,1,0,3,0,
28,ARTHUR BUENO DIAS CALEFFI,SANTO ANDRÉ / ADSA  - SP,SUB-19 MAS,5,1,1,1,1,1,
28,ENZO DE LUCA LOPES BARANI,SANTO ANDRÉ / ADSA  - SP,SUB-19 MAS,5,1,1,1,1,1,
28,MATHEUS DE ASSIS RODRIGUES,TEAM MANCINI -SP,SUB-19 MAS,5,1,1,1,1,1,
28,NICOLAS REIS PIEDADE,SANTO ANDRÉ / ADSA  - SP,SUB-19 MAS,5,1,1,1,1,1,
28,NICOLAS RUDOLF ELERBROCK ZORN,SESI-SP/INSTITUTO MATOSTT - SP,SUB-19 MAS,5,1,1,1,1,1,
28,VITOR KENZO MOURA KONDO,SANTO ANDRÉ / ADSA  - SP,SUB-19 MAS,5,1,1,1,1,1,
28,RODRIGO MACHADO SORRATINI,POWER PONG TM/ASSOCIAÇÃO DOS MESATENISTAS DE CAMPINAS-SP,SUB-19 MAS,5,1,1,1,1,1,
28,RAPHAEL CHEN RUE TIEN,ASSOCIAÇÃO CULTURAL NIPO BRASILEIRA DE SÃO CAETANO DO SUL/BUNKA-SP,SUB-19 MAS,5,1,3,1,0,0,
19,TAINÁ ORSI OLIVEIRA,CR SALDANHA DA GAMA/SANTA CECÍLIA/FUPES - SP,ABSOLUTO A (FEM),4,1,0,0,3,0,
26,LUÍS CLÁUDIO MOREIRA JÚNIOR,ASSOCIAÇÃO CULTURAL NIPO BRASILEIRA DE SÃO CAETANO DO SUL/BUNKA-SP,ABSOLUTO A (MAS),4,1,1,0,1,1,
21,FELIPE BERTIN FARIA,TIME JUNDIAÍ - SP,SÊNIOR 35,4,3,1,0,0,0,
16,NICOLAS LACRETA DU CHENOY,SOCIEDADE ESPORTIVA PALMEIRAS-SP,SUB-11 MAS,4,0,0,0,1,3,
16,KAIO AUGUSTO FERREIRA DE ARAÚJO,YARA CLUBE/ACADEMIA NELSON MACHADO/SELJ-MARÍLIA-SP,SUB-11 MAS,4,3,1,0,0,0,
28,MIGUEL MONTEMOR QUEIROZ FERREIRA,CLUBE DE TÊNIS DE MESA DE PINDAMONHANGABA - SP,SUB-13 MAS,4,1,1,0,1,1,
28,PEDRO HENRIQUE GINO CRUZ,ASSOC.JAUENSE DE T.M./PREFEITURA DE JAÚ-SP,SUB-13 MAS,4,0,1,1,1,1,
28,VICTOR HO YOUNG LEE,SANTO ANDRÉ / ADSA  - SP,SUB-13 MAS,4,0,1,1,1,1,
28,KEVIN KOITI NISHINO,POWER PONG TM/ASSOCIAÇÃO DOS MESATENISTAS DE CAMPINAS-SP,SUB-13 MAS,4,1,1,0,1,1,
28,YURI PROENÇA MURAKI,ESPORTE CLUBE PRAIA GRANDE - SP,SUB-13 MAS,4,0,0,0,3,1,
18,EMANUELLY SANTANA DE AZEVEDO ARAÚJO,SESI-SP/INSTITUTO MATOSTT - SP,SUB-15 FEM,4,1,1,0,1,1,
18,LAISSA GARCIA LEITE,CLUBE DE CAMPO DE PIRACICABA-CCP-SP,SUB-15 FEM,4,0,1,0,3,0,
18,LIVIA PEDRO CINTO,CLUBE DE CAMPO DE PIRACICABA-CCP-SP,SUB-15 FEM,4,0,1,0,3,0,
29,FELIPE TAKASHI KIMURA ISHIKAWA,KOSMOS CLUBE - SP,SUB-15 MAS,4,1,1,0,1,1,
29,GABRIEL FONSECA,SESI-SP/INSTITUTO MATOSTT - SP,SUB-15 MAS,4,1,1,0,1,1,
29,LUCAS TIDEI OLIVEIRA,ASSOC.JAUENSE DE T.M./PREFEITURA DE JAÚ-SP,SUB-15 MAS,4,0,1,1,1,1,
36,FILIPE ROSSI COSTA,ASSOC.JAUENSE DE T.M./PREFEITURA DE JAÚ-SP,SUB-19 MAS,4,0,1,1,1,1,
36,JOÃO VITOR FERREIRA FÉLIX,SESI-SP/INSTITUTO MATOSTT - SP,SUB-19 MAS,4,1,1,0,1,1,
20,MARIANA FRANCO SCHIEFER DOS SANTOS,SOCIEDADE ESPORTIVA PALMEIRAS-SP,ABSOLUTO A (FEM),3,0,0,0,0,3,
20,JANDERRY ANGÉLICA DE OLIVEIRA ANTONIO,POWER PONG TM/ASSOCIAÇÃO DOS MESATENISTAS DE CAMPINAS-SP,ABSOLUTO A (FEM),3,0,0,0,3,0,
27,RICHARD AMICI PINHEIRO,CR SALDANHA DA GAMA/SANTA CECÍLIA/FUPES - SP,ABSOLUTO A (MAS),3,0,0,0,0,3,
27,WALDIR FORNER JUNIOR,POWER PONG TM/ASSOCIAÇÃO DOS MESATENISTAS DE CAMPINAS-SP,ABSOLUTO A (MAS),3,0,0,0,0,3,
27,DIOGO CARDOSO MOREIRA DA SILVA,CR SALDANHA DA GAMA/SANTA CECÍLIA/FUPES - SP,ABSOLUTO A (MAS),3,0,0,0,3,0,
27,FÁBIO JORGE VICCARI,ASSOC. NOVA ERA DE T.M.-SP,ABSOLUTO A (MAS),3,3,0,0,0,0,
27,JOAO PEDRO DE ABREU,ASSOCIAÇÃO RCTM - SP,ABSOLUTO A (MAS),3,0,3,0,0,0,
27,JOÃO PEDRO RIBEIRO MIRA,ASSOCIAÇÃO CULTURAL E DESPORTIVA DE ASSIS - SP,ABSOLUTO A (MAS),3,0,0,3,0,0,
27,LUCA KUMAHARA,ASSOCIAÇÃO CULTURAL NIPO BRASILEIRA DE SÃO CAETANO DO SUL/BUNKA-SP,ABSOLUTO A (MAS),3,3,0,0,0,0,
18,BRENO  GUEDES  FERREIRA,ITAQUERA NIKKEI CLUBE-SP,ADULTO (MAS),3,0,0,0,0,3,
18,JOAQUIM LOUREIRO MONTINI,ASSOCIAÇAO DOS MESATENISTAS DE TAUBATÉ - SP,ADULTO (MAS),3,0,0,0,0,3,
18,PAULO HENRIQUE GONÇALVES FONSECA,SESI-SP/INSTITUTO MATOSTT - SP,ADULTO (MAS),3,0,0,0,0,3,
18,ALBERTO DOS SANTOS TAVARES FILHO,AFE ARARAQUARA-SP,ADULTO (MAS),3,3,0,0,0,0,
18,LUAN PAGLIARI DE BRITO,MIRASSOL TENIS DE MESA,ADULTO (MAS),3,0,0,3,0,0,
18,RODRIGO MILANE SILVA,ASSOCIAÇÃO OURINHENSE DE BEM ESTAR-SP,ADULTO (MAS),3,0,0,3,0,0,
18,VITOR TOPSON ESCUDEIRO JANNUZI,"INSTITUTO SOCIAL, CULTURAL E ESPORTIVO DE SERTÃOZINHO-SP",ADULTO (MAS),3,0,0,3,0,0,
23,ALEXANDRE ANDRADE COURA,TÊNIS DE MESA CASA VERDE-MI-SP,SÊNIOR 30,3,0,3,0,0,0,
23,CARLOS EDUARDO FIGUEIREDO BUENO,UCEG-UNIÃO CULTURAL E ESPORTIVA GUARULHENSE-SP,SÊNIOR 30,3,3,0,0,0,0,
23,GABRIEL LIN WANG,YARA CLUBE/ACADEMIA NELSON MACHADO/SELJ-MARÍLIA-SP,SÊNIOR 30,3,0,0,3,0,0,
23,RAFAEL EIDI TSUKAHARA,YARA CLUBE/ACADEMIA NELSON MACHADO/SELJ-MARÍLIA-SP,SÊNIOR 30,3,0,0,3,0,0,
23,GABRIEL LACERDA SLEZYNGER,TOP SPIN BRASIL ACADEMY TENIS DE MESA LTDA-SP,SÊNIOR 30,3,0,0,0,3,0,
22,ALLAN CARLOS BALTHAZAR DOS SANTOS,ASSOCIAÇÃO NIKKEY SÃO JOSÉ DOS CAMPOS - SP,SÊNIOR 35,3,3,0,0,0,0,
18,MATHEUS ERICSSON DE BRITO,TEAM MANCINI -SP,SUB-11 MAS,3,0,0,0,0,3,
18,BRUNO SECCOLI BUFO,M2TM CENTRO DE TREINAMENTO DE TÊNIS DE MESA-SP,SUB-11 MAS,3,,3,0,0,0,
18,ENRICO ESTEVES STEVANATO,YARA CLUBE/ACADEMIA NELSON MACHADO/SELJ-MARÍLIA-SP,SUB-11 MAS,3,0,0,3,0,0,
18,HENRIQUE MESQUITA SERVA REIS,YARA CLUBE/ACADEMIA NELSON MACHADO/SELJ-MARÍLIA-SP,SUB-11 MAS,3,0,0,3,0,0,
12,YANI REZENDE DE FARIA,SESI-SP/INSTITUTO MATOSTT - SP,SUB-13 FEM,3,0,0,0,0,3,
12,ALICE AKEMI BABICHI TANAKA,YARA CLUBE/ACADEMIA NELSON MACHADO/SELJ-MARÍLIA-SP,SUB-13 FEM,3,0,0,3,0,0,
33,CAIO PINHEIRO DIAS,SANTO ANDRÉ / ADSA  - SP,SUB-13 MAS,3,0,1,0,1,1,
33,CARLOS EDUARDO GIROLDO ROSIGNOLLI,ASSOCIAÇÃO OURINHENSE DE BEM ESTAR-SP,SUB-13 MAS,3,0,0,1,1,1,
33,DAVI SOUZA DE ALMEIDA,SESI-SP/INSTITUTO MATOSTT - SP,SUB-13 MAS,3,1,1,0,0,1,
33,PEDRO HENRIQUE PITHON ABREU,ASSOCIAÇÃO DESPORTIVA CENTRO OLÍMPICO-SP,SUB-13 MAS,3,0,0,1,1,1,
33,PIETRO BATTISTELLA DE MELO,TIME JUNDIAÍ - SP,SUB-13 MAS,3,0,1,0,1,1,
33,HENRIQUE JUNITIRO UWAI,ACEMV / PREFEITURA DE VOTORANTIM / SEDESP-SP,SUB-13 MAS,3,1,1,0,1,0,
21,ISABELLY DOS PASSOS RABELO,ASSOCIAÇÃO DESPORTIVA CENTRO OLÍMPICO-SP,SUB-15 FEM,3,0,0,1,1,1,
21,ISADORA CASTILHO CARRIEL,ASSOCIAÇÃO DESPORTIVA CENTRO OLÍMPICO-SP,SUB-15 FEM,3,0,0,1,1,1,
21,LARA MARCELINO DE LACERDA,SESI-SP/INSTITUTO MATOSTT - SP,SUB-15 FEM,3,1,1,0,0,1,
32,LEONARDO PORCIÚNCULA ABBONDANZA,ASSOC. NOVA ERA DE T.M.-SP,SUB-15 MAS,3,0,0,1,1,1,
32,PAULO JUN IDEHARA OBASE,ASSOCIAÇÃO DESPORTIVA CENTRO OLÍMPICO-SP,SUB-15 MAS,3,0,0,1,1,1,
32,ROBSON LEONARDO RODRIGUES DOS SANTOS,ASSOC.JAUENSE DE T.M./PREFEITURA DE JAÚ-SP,SUB-15 MAS,3,0,1,1,0,1,
32,LUCAS GUIMARÃES DO AMARAL LEMOS,ESPORTE CLUBE PRAIA GRANDE - SP,SUB-15 MAS,3,0,1,0,1,1,
32,ENZO BELTRAME SANTOS,ASSOC.JAUENSE DE T.M./PREFEITURA DE JAÚ-SP,SUB-15 MAS,3,0,1,1,1,0,
32,DANIEL MORENO SIMÕES,POWER PONG TM/ASSOCIAÇÃO DOS MESATENISTAS DE CAMPINAS-SP,SUB-15 MAS,3,1,1,0,1,0,
32,ELIEL DIAS MARQUES,ACEMV / PREFEITURA DE VOTORANTIM / SEDESP-SP,SUB-15 MAS,3,1,1,0,1,0,
32,JOÃO MIGUEL KOENIGKAN SILVA MOTA,SESI-SP/INSTITUTO MATOSTT - SP,SUB-15 MAS,3,1,1,0,1,0,
32,MURILO TASSI,YARA CLUBE/ACADEMIA NELSON MACHADO/SELJ-MARÍLIA-SP,SUB-15 MAS,3,0,0,0,3,0,
15,GABRIELA SANCINETTI RODRIGUES,ASSOCIAÇÃO RCTM - SP,SUB-19 FEM,3,0,3,0,0,0,
15,JULIA MENDES RETOZI DE MATOS,ASSOCIACAO BETHEL DE BOTUCATU-SP,SUB-19 FEM,3,0,0,0,3,0,
15,RHWANY TEIXEIRA,ASSOCIAÇÃO RCTM - SP,SUB-19 FEM,3,0,3,0,0,0,
38,ENZO TOMITA,ITAIM KEIKO / JJYAMADA - SP,SUB-19 MAS,3,1,0,1,0,1,
38,KENON DIAZ NAKASHIMA,ITAIM KEIKO / JJYAMADA - SP,SUB-19 MAS,3,1,0,0,1,1,
38,BENTO DE MORAIS NAVARRO,ASSOC. NOVA ERA DE T.M.-SP,SUB-19 MAS,3,0,0,1,1,1,
38,JOÃO DE MORAIS NAVARRO,ASSOC. NOVA ERA DE T.M.-SP,SUB-19 MAS,3,0,0,1,1,1,
38,RUAN PEDRAL DE SOUZA,ESPORTE CLUBE PRAIA GRANDE - SP,SUB-19 MAS,3,0,1,0,1,1,
38,ALISSON CHAGAS,ASSOC.JAUENSE DE T.M./PREFEITURA DE JAÚ-SP,SUB-19 MAS,3,0,1,1,1,0,
38,ARTHUR MASSARU ASSUNÇÃO SANTOS,ITAIM KEIKO / JJYAMADA - SP,SUB-19 MAS,3,1,1,1,0,0,
38,FREDERICO ALCÂNTARA SPÍNOLA MARTINS,ESPORTE CLUBE PRAIA GRANDE - SP,SUB-19 MAS,3,0,0,0,3,0,
38,LUCAS NORIO YOSHIKAWA,TEAM MANCINI -SP,SUB-19 MAS,3,1,0,1,1,0,
38,ENZO LIMA MEIRELES,SANTO ANDRÉ / ADSA  - SP,SUB-19 MAS,3,1,1,0,1,0,
38,EWERTON CRISTIAN DOS SANTOS JUNIOR,SESI-SP/INSTITUTO MATOSTT - SP,SUB-19 MAS,3,1,1,0,1,0,
38,GUILHERME REBELATO,ASSOCIAÇÃO RCTM - SP,SUB-19 MAS,3,3,0,0,0,0,
16,LEONARDO GALVÃO MURANO,CLUBE DE TÊNIS DE MESA ALVES TT/CAIEIRAS - SP,SUB-21 MAS,3,0,0,0,0,3,
16,LUCAS DOMICIANO VIANNA,MASTER PONG TT ACADEMIA-SP,SUB-21 MAS,3,0,0,0,0,3,
16,CARLOS EDUARDO GONÇALVES SUPLANO,YARA CLUBE/ACADEMIA NELSON MACHADO/SELJ-MARÍLIA-SP,SUB-21 MAS,3,0,0,3,0,0,
16,ENZO FELIPE NERI CARDAS,TOP SPIN BRASIL ACADEMY TENIS DE MESA LTDA-SP,SUB-21 MAS,3,0,0,0,3,0,
16,GUILHERME HENRIQUE MONTEIRO BIANCHIN,ACEMV / PREFEITURA DE VOTORANTIM / SEDESP-SP,SUB-21 MAS,3,3,0,0,0,0,
16,JOÃO GABRIEL COSTA DA SILVA,AFE ARARAQUARA-SP,SUB-21 MAS,3,0,0,3,0,0,
16,JÚLIO UEHARA NOGUEIRA DE BARROS LEITE,NEW PONG - SÃO JOSÉ DO RIO PRETO/SP - ACADEMIA DE TÊNIS DE MESA,SUB-21 MAS,3,0,0,3,0,0,
16,KEVIS LEE,NEW PONG - SÃO JOSÉ DO RIO PRETO/SP - ACADEMIA DE TÊNIS DE MESA,SUB-21 MAS,3,0,0,3,0,0,
16,MATEUS ATHAIDE DOS SANTOS DOS REIS,YARA CLUBE/ACADEMIA NELSON MACHADO/SELJ-MARÍLIA-SP,SUB-21 MAS,3,0,0,3,0,0,
16,MURILO SAMPAIO LEANDRO,SESI-SP/INSTITUTO MATOSTT,SUB-21 MAS,3,3,0,0,0,0,
16,JOSE MIGUEL BISPO,POWER PONG TM/ASSOCIAÇÃO DOS MESATENISTAS DE CAMPINAS-SP,VETERANO 40 MAS,3,0,0,0,3,0,
16,ANTONIO CESAR POLEZZI,SOCIEDADE ESPORTIVA PALMEIRAS-SP,VETERANO 40 MAS,3,3,0,0,0,0,
16,CARLOS ALBERTO TORRES FERRAZ,MASTER PONG TT ACADEMIA-SP,VETERANO 40 MAS,3,3,0,0,0,0,
16,FLÁVIO SANTANA DE SOUZA,YARA CLUBE/ACADEMIA NELSON MACHADO/SELJ-MARÍLIA-SP,VETERANO 40 MAS,3,3,0,0,0,0,
16,REGIS FARIA COLARES,INST. FAIR PLAY DE DESENVOLVIMENTO ESPORTIVO-SP,VETERANO 40 MAS,3,0,0,0,3,0,
16,THALES HIKOSAKA,AFE ARARAQUARA-SP,VETERANO 40 MAS,3,0,3,0,0,0,
12,FÁBIO MORENO DE SOUZA,ACEMV / PREFEITURA DE VOTORANTIM / SEDESP-SP,VETERANO 50 MAS,3,3,0,0,0,0,
12,FABRÍCIO ADRIANO MOSCATELLI,ACEMV / PREFEITURA DE VOTORANTIM / SEDESP-SP,VETERANO 50 MAS,3,3,0,0,0,0,
12,GILES MARIOZI OLIVEIRA,ACEMV / PREFEITURA DE VOTORANTIM / SEDESP-SP,VETERANO 50 MAS,3,3,0,0,0,0,
12,JORGE LUIS DE CAMPOS,ASSOCIAÇÃO CULTURAL E DESPORTIVA DE ASSIS - SP,VETERANO 50 MAS,3,0,0,3,0,0,
12,RUDEMIR AFONSO PIASSI,ASSOC. NOVA ERA DE T.M.-SP,VETERANO 50 MAS,3,0,0,3,0,0,
12,WILSON ROBERTO DE OLIVEIRA,ASSOCIAÇÃO CULTURAL E DESPORTIVA DE ASSIS - SP,VETERANO 50 MAS,3,0,0,3,0,0,
15,WALDEIR FERREIRA SABINO,KOSMOS CLUBE - SP,VETERANO 55 MAS,3,0,0,0,0,3,
15,ALMIR ROGÉRIO BORTOLETO,NEW PONG - SÃO JOSÉ DO RIO PRETO/SP - ACADEMIA DE TÊNIS DE MESA,VETERANO 55 MAS,3,0,0,3,0,0,
15,JOÃO CANDIDO DE OLIVEIRA PORTO,NEW PONG - SÃO JOSÉ DO RIO PRETO/SP - ACADEMIA DE TÊNIS DE MESA,VETERANO 55 MAS,3,0,0,3,0,0,
15,RICARDO OLIVEIRA DRUMMOND,ACADEMIA DE TÊNIS DE MESA LIFE PONG - SP,VETERANO 55 MAS,3,3,0,0,0,0,
15,ROBERTO DOMINGUES DE ANDRADE,ASSOCIAÇÃO NIKKEY SÃO JOSÉ DOS CAMPOS - SP,VETERANO 55 MAS,3,3,0,0,0,0,
15,SERGIO TOCHIAKI SAKAI,ASSOC. NOVA ERA DE T.M.-SP,VETERANO 55 MAS,3,0,0,3,0,0,
12,IVAN KUHLMANN NOGUEIRA,ACADEMIA DE TÊNIS DE MESA LIFE PONG - SP,VETERANO 60 MAS,3,0,0,0,3,0,
34,ANTONIO CESAR POLEZZI,SOCIEDADE ESPORTIVA PALMEIRAS-SP,ABSOLUTO A (MAS),2,0,0,0,1,1,
34,ROGERIO CAPOBIANCO,MASTER PONG TT ACADEMIA-SP,ABSOLUTO A (MAS),2,0,0,0,1,1,
34,FILIPI WENDELL FERREIRA SEVERIANO,ESPORTE CLUBE PRAIA GRANDE - SP,ABSOLUTO A (MAS),2,0,1,0,1,0,
34,MANUEL FREITAS CHAMBEL PAIVA,ITAIM KEIKO / JJYAMADA - SP,ABSOLUTO A (MAS),2,0,1,1,0,0,
34,PEDRO HENRIQUE GUEDES REZENDE PINTO,ESPORTE CLUBE PRAIA GRANDE - SP,ABSOLUTO A (MAS),2,1,0,0,1,0,
22,LUCA JORDÃO DE MAGALHÃES DORTA,BERTIOGA TÊNIS DE MESA - SP,SUB-11 MAS,2,0,0,0,1,1,
22,MIGUEL STEPHAN DE FARIA GALOCHA,SESI-SP/INSTITUTO MATOSTT - SP,SUB-11 MAS,2,0,1,0,0,1,
39,LUCAS COLNAGHI SAKAUE,TEAM MANCINI -SP,SUB-13 MAS,2,0,0,0,1,1,
39,JOÃO  PEDRO  COSER  BUENO,POWER PONG TM/ASSOCIAÇÃO DOS MESATENISTAS DE CAMPINAS-SP,SUB-13 MAS,2,0,0,0,1,1,
39,FABRÍCIO FRANCISCO BERTELA,CR SALDANHA DA GAMA/SANTA CECÍLIA/FUPES - SP,SUB-13 MAS,2,0,0,0,1,1,
39,LINCOLN RYUJI NAKAGAWA,ASSOCIAÇÃO NIKKEY SÃO JOSÉ DOS CAMPOS - SP,SUB-13 MAS,2,1,0,0,0,1,
39,MATEUS RABELO DE FARIA,SESI-SP/INSTITUTO MATOSTT - SP,SUB-13 MAS,2,1,1,0,0,0,
39,PEDRO FLORENTINO,SESI-SP/INSTITUTO MATOSTT - SP,SUB-13 MAS,2,1,1,0,0,0,
39,TIAGO NAOKI NAGATA,ASSOCIAÇÃO RCTM - SP,SUB-13 MAS,2,1,1,0,0,0,
24,VITÓRIA APARECIDA DE SOUZA,SESI-SP/INSTITUTO MATOSTT - SP,SUB-15 FEM,2,1,1,0,0,0,
41,BRUNO NAOKI ISHIOKA,ASSOCIAÇÃO DESPORTIVA CENTRO OLÍMPICO-SP,SUB-15 MAS,2,0,0,0,1,1,
41,JOÃO PEDRO ALMAGRO DOS SANTOS PEREIRA,ASSOC. NOVA ERA DE T.M.-SP,SUB-15 MAS,2,0,0,0,1,1,
41,MIGUEL LOSNAK PLANA,ASSOC. NOVA ERA DE T.M.-SP,SUB-15 MAS,2,0,0,0,1,1,
41,TIAGO HOLTZ AMATO,TEAM MANCINI -SP,SUB-15 MAS,2,0,1,0,0,1,
41,FELIPE BUCIOLI SIMIONI,POWER PONG TM/ASSOCIAÇÃO DOS MESATENISTAS DE CAMPINAS-SP,SUB-15 MAS,2,0,1,0,1,0,
41,ALEXANDRE YUDI  HARADA,ACEMV / PREFEITURA DE VOTORANTIM / SEDESP-SP,SUB-15 MAS,2,1,1,0,0,0,
41,FERNANDO PUERTO BASSO,ASSOCIAÇÃO RCTM - SP,SUB-15 MAS,2,1,1,0,0,0,
41,GUSTAVO HENRIQUE ALVES DRAGONI,ASSOCIAÇÃO RCTM - SP,SUB-15 MAS,2,1,1,0,0,0,
41,KELVYN SARAGOÇA DE OLIVEIRA,ASSOCIAÇÃO RCTM - SP,SUB-15 MAS,2,1,1,0,0,0,
41,MARCELO HENRIQUE COSTA GONÇALVES,ASSOCIAÇÃO RCTM - SP,SUB-15 MAS,2,0,1,0,1,0,
41,MATEUS ZAMBOM COLUCI,ASSOCIAÇÃO RCTM - SP,SUB-15 MAS,2,1,1,0,0,0,
41,MIGUEL SANTANA DONA,ARAÇA PONG / SMELR ARAÇATUBA – SP,SUB-15 MAS,2,0,1,1,0,0,
41,RAFAEL SOARES DOS SANTOS JUNIOR,SESI-SP/INSTITUTO MATOSTT - SP,SUB-15 MAS,2,0,0,1,1,0,
50,FELIPE CASTRO BRANT MOURAO,MASTER PONG TT ACADEMIA-SP,SUB-19 MAS,2,1,0,0,0,1,
50,GUILHERME YUICHI NAGASAKI,ACEAS NIKKEI SUZANO - SP,SUB-19 MAS,2,0,0,0,1,1,
50,JOÃO HÉLIO GOMES DE SOUZA,TOP SPIN BRASIL ACADEMY TENIS DE MESA LTDA-SP,SUB-19 MAS,2,0,0,0,1,1,
50,PETERSON SILVESTRE CARDOSO,ASSOCIACAO BETHEL DE BOTUCATU-SP,SUB-19 MAS,2,0,0,0,1,1,
50,CEZAR AUGUSTO PEREIRA MACIEL,CLUBE DE CAMPO DE PIRACICABA-CCP-SP,SUB-19 MAS,2,0,1,0,1,0,
50,FELIPE AUGUSTO BATISTA DE MATOS,SESI-SP/INSTITUTO MATOSTT - SP,SUB-19 MAS,2,0,1,1,0,0,
50,GUSTAVO PERDIGÃO,AFE ARARAQUARA-SP,SUB-19 MAS,2,0,1,0,1,0,
50,KAUÊ AUGUSTO FERREIRA ARAÚJO,YARA CLUBE/ACADEMIA NELSON MACHADO/SELJ-MARÍLIA-SP,SUB-19 MAS,2,1,0,0,1,0,
22,FERNANDA MARA DOS SANTOS,ASSOCIAÇÃO NIKKEY SÃO JOSÉ DOS CAMPOS - SP,ABSOLUTO A (FEM),1,0,0,0,0,1,
22,JACKELINE FERNANDES,SOCIEDADE ESPORTIVA PALMEIRAS-SP,ABSOLUTO A (FEM),1,0,0,0,0,1,
22,KARINA RIBEIRO,ACADEMIA DE TÊNIS DE MESA LIFE PONG - SP,ABSOLUTO A (FEM),1,0,0,0,0,1,
22,MARIANA ESTEVAM REIS,M2TM CENTRO DE TREINAMENTO DE TÊNIS DE MESA-SP,ABSOLUTO A (FEM),1,0,0,0,0,1,
22,MARINA MARIANO DE OLIVEIRA,MASTER PONG TT ACADEMIA-SP,ABSOLUTO A (FEM),1,0,0,0,0,1,
22,THAIS PALMA VILHENA,ACADEMIA DE TÊNIS DE MESA LIFE PONG - SP,ABSOLUTO A (FEM),1,0,0,0,0,1,
22,DAIANE OLIVEIRA SILVA,MASTER PONG TT ACADEMIA-SP,ABSOLUTO A (FEM),1,1,0,0,0,0,
22,REBECA DE MELO DANIELLO,UCEG-UNIÃO CULTURAL E ESPORTIVA GUARULHENSE-SP,ABSOLUTO A (FEM),1,1,0,0,0,0,
39,MATHEUS TAKEO TSUCHIYA DE SOUZA,TIME JUNDIAÍ - SP,ABSOLUTO A (MAS),1,0,0,0,0,1,
39,NICHOLAS CASTILHO MESTRE,TIME JUNDIAÍ - SP,ABSOLUTO A (MAS),1,0,0,0,0,1,
39,JOSE LUIZ MEDRADO,POWER PONG TM/ASSOCIAÇÃO DOS MESATENISTAS DE CAMPINAS-SP,ABSOLUTO A (MAS),1,0,0,0,0,1,
39,JOSE MIGUEL BISPO,POWER PONG TM/ASSOCIAÇÃO DOS MESATENISTAS DE CAMPINAS-SP,ABSOLUTO A (MAS),1,0,0,0,0,1,
39,LUIS ALBERTO D ALMEIDA LEANZA,POWER PONG TM/ASSOCIAÇÃO DOS MESATENISTAS DE CAMPINAS-SP,ABSOLUTO A (MAS),1,0,0,0,0,1,
39,PIETRO MIGUEL PHAIFFER,POWER PONG TM/ASSOCIAÇÃO DOS MESATENISTAS DE CAMPINAS-SP,ABSOLUTO A (MAS),1,0,0,0,0,1,
39,ARTUR MARTINI IURA,CLUBE RECREATIVO SUMARÉ-LIGA-SP,ABSOLUTO A (MAS),1,1,0,0,0,0,
39,DIEGO DUARTE BARBOZA,SOCIEDADE ESPORTIVA PALMEIRAS-SP,ABSOLUTO A (MAS),1,1,0,0,0,0,
39,ENZO FELIPE NERI CARDAS,TOP SPIN BRASIL ACADEMY TENIS DE MESA LTDA-SP,ABSOLUTO A (MAS),1,0,0,1,0,0,
39,FABRÍCIO AUGUSTO DÁRIO,CLUBE DE CAMPO DE PIRACICABA-CCP-SP,ABSOLUTO A (MAS),1,0,0,0,1,0,
39,GABRIEL LACERDA SLEZYNGER,TOP SPIN BRASIL ACADEMY TENIS DE MESA LTDA-SP,ABSOLUTO A (MAS),1,0,0,1,0,0,
39,GUILHERME ALVES DA SILVEIRA,NEW PONG ACADEMIA DE TÊNIS DE MESA/SJRP-SP,ABSOLUTO A (MAS),1,0,1,0,0,0,
39,ISAAC GOMES ZAULI,CR SALDANHA DA GAMA/SANTA CECÍLIA/FUPES - SP,ABSOLUTO A (MAS),1,0,0,1,0,0,
39,LUCAS DOMICIANO VIANNA,MASTER PONG TT ACADEMIA-SP,ABSOLUTO A (MAS),1,0,0,0,1,0,
39,MATEUS HENRIQUE PANIZZA BARBOSA,ASSOCIACAO BETHEL DE BOTUCATU-SP,ABSOLUTO A (MAS),1,0,0,0,1,0,
39,MURILO STRANO CALTABIANO,ACADEMIA DE TÊNIS DE MESA LIFE PONG - SP,ABSOLUTO A (MAS),1,1,0,0,0,0,
39,RAFAEL CÂNDIDO AGUIAR,CLUBE DE TÊNIS DE MESA DE PINDAMONHANGABA - SP,ABSOLUTO A (MAS),1,1,0,0,0,0,
39,VALTER CLEBERSON MUKAIBATA,CLUBE ITUANO DE ESPORTES-SP,ABSOLUTO A (MAS),1,1,0,0,0,0,
39,MATEUS CARNEIRO BOTELHO,TEAM MANCINI -SP,ABSOLUTO A (MAS),1,0,1,0,0,0,
25,JOÃO CARLOS DOS SANTOS OLIVEIRA,M2TM CENTRO DE TREINAMENTO DE TÊNIS DE MESA-SP,ADULTO (MAS),1,0,1,0,0,0,
25,LUIZ TIAGO SAMPAIO DE SOUZA,TEAM MANCINI -SP,ADULTO (MAS),1,0,1,0,0,0,
25,IGOR SIMÕES DA SILVA,ESPORTE CLUBE PRAIA GRANDE - SP,ADULTO (MAS),1,0,1,0,0,0,
25,MIGUEL BLANCO MORALES NETO,ESPORTE CLUBE PRAIA GRANDE - SP,ADULTO (MAS),1,0,1,0,0,0,
23,RAFAEL ALVES,ASSOCIAÇÃO RCTM - SP,SÊNIOR 35,1,0,1,0,0,0,
24,DAVI LUIZ DA SILVA MEDEIROS,ESPORTE CLUBE PRAIA GRANDE - SP,SUB-11 MAS,1,0,0,0,0,1,
24,BENTO REGNO MUNICELLI,CLUBE DE CAMPO DE PIRACICABA-CCP-SP,SUB-11 MAS,1,0,0,0,0,1,
24,LUCAS MORIYA NUNEZ,M2TM CENTRO DE TREINAMENTO DE TÊNIS DE MESA-SP,SUB-11 MAS,1,0,0,0,0,1,
24,MATEUS OLIVEIRA CAETANO SILVA,ITAIM KEIKO / JJYAMADA - SP,SUB-11 MAS,1,0,0,0,1,0,
46,NATAN SARAIVA MAIA,ASSOCIAÇAO DOS MESATENISTAS DE TAUBATÉ - SP,SUB-13 MAS,1,0,0,0,0,1,
46,THALES SARAIVA MAIA,ASSOCIAÇAO DOS MESATENISTAS DE TAUBATÉ - SP,SUB-13 MAS,1,0,0,0,0,1,
46,DAVID CHAIM MOURO,POWER PONG TM/ASSOCIAÇÃO DOS MESATENISTAS DE CAMPINAS-SP,SUB-13 MAS,1,0,0,0,1,0,
46,DAVI.COPPI DA ROCHA,CERÂMICA CLUBE - SP,SUB-13 MAS,1,0,1,0,0,0,
46,DIOGO VENDRAMINI,JAU PONG TÊNIS DE MESA LTDA-SP,SUB-13 MAS,1,0,0,1,0,0,
46,LEONARDO QUIRINO MORETTI,ASSOCIACAO BETHEL DE BOTUCATU-SP,SUB-13 MAS,1,0,0,0,1,0,
46,LUCAS MARGIOTA PIASSA,ASSOCIAÇÃO RCTM - SP,SUB-13 MAS,1,0,1,0,0,0,
46,LUCAS OLIVEIRA ALVES,CERÂMICA CLUBE - SP,SUB-13 MAS,1,0,1,0,0,0,
46,VINICIUS CAMPOS VERNAGLIA,INST. FAIR PLAY DE DESENVOLVIMENTO ESPORTIVO-SP,SUB-13 MAS,1,0,0,1,0,0,
25,LUARA OLIVEIRA BATISTA,SESI-SP/INSTITUTO MATOSTT - SP,SUB-15 FEM,1,0,0,0,0,1,
25,ISIS SANCHES TOHYAMA,ASSOCIAÇÃO CULTURAL E DESPORTIVA DE ASSIS - SP,SUB-15 FEM,1,0,0,1,0,0,
54,ELLIVELTON MIRANDA DO NASCIMENTO JUNIOR,ASSOC. NOVA ERA DE T.M.-SP,SUB-15 MAS,1,0,0,0,0,1,
54,JOÃO GUILHERME LIMA DE SOUZA,MASTER PONG TT ACADEMIA-SP,SUB-15 MAS,1,0,0,0,0,1,
54,ANDRÉ TANI COELHO DA SILVA,TEAM MANCINI -SP,SUB-15 MAS,1,0,0,0,1,0,
54,JOÃO PEDRO MARTINS NARVAIS,ESPORTE CLUBE PRAIA GRANDE - SP,SUB-15 MAS,1,0,0,0,1,0,
54,GIOVANNI QUIRINO MORETTI,ASSOCIACAO BETHEL DE BOTUCATU-SP,SUB-15 MAS,1,0,0,0,1,0,
54,GUSTAVO ARAÚJO LOPES VIEIRA,ASSOC.JAUENSE DE T.M./PREFEITURA DE JAÚ-SP,SUB-15 MAS,1,0,0,0,1,0,
54,GUSTAVO HENRIQUE SETIN FERREIRA,CERÂMICA CLUBE - SP,SUB-15 MAS,1,0,1,0,0,0,
54,JOÃO PEDRO CALDAS OLIVEIRA,TÊNIS DE MESA PAULÍNIA-LIGA-SP,SUB-15 MAS,1,0,1,0,0,0,
54,JOÃO PEDRO RAMOS NASCIMENTO,JAU PONG TÊNIS DE MESA LTDA-SP,SUB-15 MAS,1,0,0,1,0,0,
54,JOÃO VITOR COSTA FERREIRA,ACEMV / PREFEITURA DE VOTORANTIM / SEDESP-SP,SUB-15 MAS,1,1,0,0,0,0,
54,LUCA ESTEVES MAGALHÃES,YARA CLUBE/ACADEMIA NELSON MACHADO/SELJ-MARÍLIA-SP,SUB-15 MAS,1,0,0,1,0,0,
54,LUCAS RODRIGUES DE MELO,ASSOCIAÇÃO RCTM - SP,SUB-15 MAS,1,0,1,0,0,0,
54,MATHEUS LAZARETE RAMOS,SANTO ANDRÉ / ADSA  - SP,SUB-15 MAS,1,1,0,0,0,0,
54,MIGUEL DOMICIANO VIANNA,MASTER PONG TT ACADEMIA-SP,SUB-15 MAS,1,1,0,0,0,0,
54,PEDRO ANGELO PIOTO SANTOS,POWER PONG TM/ASSOCIAÇÃO DOS MESATENISTAS DE CAMPINAS-SP,SUB-15 MAS,1,1,0,0,0,0,
58,CHRISTIAN KENJI KORA,TEAM MANCINI -SP,SUB-19 MAS,1,0,0,0,0,1,
58,KAYC FELIPE DEL VECHIO PINHEIRO,ASSOCIACAO BETHEL DE BOTUCATU-SP,SUB-19 MAS,1,0,0,0,0,1,
58,LUCAS SATO IKEDA JUNIOR,CLUBE DE TÊNIS DE MESA ALVES TT/CAIEIRAS - SP,SUB-19 MAS,1,0,0,0,0,1,
58,RYAN VICTOR SALDANHA SANTOS,CR SALDANHA DA GAMA/SANTA CECÍLIA/FUPES - SP,SUB-19 MAS,1,0,0,0,0,1,
58,THEO ENRICO MURAKAMI TADIMA,ASSOCIAÇÃO CULTURAL NIPO BRASILEIRA DE SÃO CAETANO DO SUL/BUNKA-SP,SUB-19 MAS,1,0,0,0,0,1,
58,WANDER RODRIGUES DA COSTA JUNIOR,SESI-SP/INSTITUTO MATOSTT - SP,SUB-19 MAS,1,0,0,0,0,1,
58,HENRIQUE MOURA CAMARDELLA,POWER PONG TM/ASSOCIAÇÃO DOS MESATENISTAS DE CAMPINAS-SP,SUB-19 MAS,1,1,0,0,0,0,
58,JOÃO PEDRO RIBEIRO POSSAS,ESPORTE CLUBE PRAIA GRANDE - SP,SUB-19 MAS,1,0,1,0,0,0,
58,DAVI GODOY,JAU PONG TÊNIS DE MESA LTDA-SP,SUB-19 MAS,1,0,0,1,0,0,
58,ENZO GABRIEL VITALIANO VIEIRA,ASSOCIAÇÃO DOS SERVIDORES MUNICIPAIS DE RIBEIRÃO PRETO - SP,SUB-19 MAS,1,0,1,0,0,0,
58,FABIO ROGÉRIO TREVISAN JUNIOR,ASSOC.JAUENSE DE T.M./PREFEITURA DE JAÚ-SP,SUB-19 MAS,1,0,1,0,0,0,
58,ISAC NUNES ARANDA,ASSOCIACAO BETHEL DE BOTUCATU-SP,SUB-19 MAS,1,0,0,0,1,0,
58,JOÃO PEDRO LIMA DE OLIVEIRA,"INSTITUTO SOCIAL, CULTURAL E ESPORTIVO DE SERTÃOZINHO-SP",SUB-19 MAS,1,0,0,1,0,0,
58,JOÃO VICTOR BALDO,"INSTITUTO SOCIAL, CULTURAL E ESPORTIVO DE SERTÃOZINHO-SP",SUB-19 MAS,1,0,0,1,0,0,
58,JORGE CARDELLI FAÇANHA DANTAS,TÊNIS DE MESA PAULÍNIA-LIGA-SP,SUB-19 MAS,1,0,1,0,0,0,
58,LEONARDO HENRIQUES FIORI DA COSTA,TÊNIS DE MESA CASA VERDE-MI-SP,SUB-19 MAS,1,0,1,0,0,0,
58,LUCAS DOMICIANO VIANNA,MASTER PONG TT ACADEMIA-SP,SUB-19 MAS,1,1,0,0,0,0,
58,MATHEUS FELIPE DA SILVA,"INSTITUTO SOCIAL, CULTURAL E ESPORTIVO DE SERTÃOZINHO-SP",SUB-19 MAS,1,0,0,1,0,0,
58,MATHEUS RODRIGUES DE MELO,ASSOCIAÇÃO RCTM - SP,SUB-19 MAS,1,0,1,0,0,0,
58,NICOLAS MOURA LASNOU,MIRASSOL TENIS DE MESA,SUB-19 MAS,1,0,0,1,0,0,
58,PEDRO DOS SANTOS MENDES,CLUBE DE TÊNIS DE MESA JACAREÍ - SP,SUB-19 MAS,1,1,0,0,0,0,
58,RENAN SCAVAZINI GIMENEZ,"INSTITUTO SOCIAL, CULTURAL E ESPORTIVO DE SERTÃOZINHO-SP",SUB-19 MAS,1,0,0,1,0,0,
58,SAMUEL BERTOLASSI,CLUBE DE CAMPO DE PIRACICABA-CCP-SP,SUB-19 MAS,1,0,1,0,0,0,
58,TIAGO ONISHI CARDOSO,ASSOCIAÇÃO CULTURAL NIPO BRASILEIRA DE SÃO CAETANO DO SUL/BUNKA-SP,SUB-19 MAS,1,1,0,0,0,0,
58,RAFAEL VENTINO ARAUJO,ITAIM KEIKO / JJYAMADA - SP,SUB-19 MAS,1,1,0,0,0,0,
21,LUIS ALBERTO D ALMEIDA LEANZA,POWER PONG TM/ASSOCIAÇÃO DOS MESATENISTAS DE CAMPINAS-SP,VETERANO 55 MAS,1,1,0,0,0,0,
21,BORIS ALAN ARANA,ASSOCIAÇÃO CULTURAL NIPO BRASILEIRA DE SÃO CAETANO DO SUL/BUNKA-SP,VETERANO 55 MAS,1,1,0,0,0,0,
58,HIGOR  ALVERNAZ,CLUBE DE TÊNIS DE MESA ALVES TT/CAIEIRAS - SP,ABSOLUTO A (MAS),0,0,0,0,0,0,
26,CAIO DE OLIVEIRA VASCONCELOS,ASSOC. NOVA ERA DE T.M.-SP,SUB-21 MAS,0,0,0,0,0,0,
1,TEAM MANCINI -SP,TEAM MANCINI -SP,A-EFICIENCIA OLIMPICO,1832,315,458,351,294,414,
2,ASSOCIAÇÃO CULTURAL NIPO BRASILEIRA DE SÃO CAETANO DO SUL/BUNKA-SP,ASSOCIAÇÃO CULTURAL NIPO BRASILEIRA DE SÃO CAETANO DO SUL/BUNKA-SP,A-EFICIENCIA OLIMPICO,1432,299,349,189,307,288,
3,YARA CLUBE/ACADEMIA NELSON MACHADO/SELJ-MARÍLIA-SP,YARA CLUBE/ACADEMIA NELSON MACHADO/SELJ-MARÍLIA-SP,A-EFICIENCIA OLIMPICO,1136,180,156,442,202,156,
4,SANTO ANDRÉ / ADSA  - SP,SANTO ANDRÉ / ADSA  - SP,A-EFICIENCIA OLIMPICO,882,215,167,103,263,134,
5,ITAIM KEIKO / JJYAMADA - SP,ITAIM KEIKO / JJYAMADA - SP,A-EFICIENCIA OLIMPICO,734,200,114,98,206,116,
6,ASSOCIAÇÃO DESPORTIVA CENTRO OLÍMPICO-SP,ASSOCIAÇÃO DESPORTIVA CENTRO OLÍMPICO-SP,A-EFICIENCIA OLIMPICO,639,0,0,187,187,265,
7,SESI-SP/INSTITUTO MATOSTT - SP,SESI-SP/INSTITUTO MATOSTT - SP,A-EFICIENCIA OLIMPICO,578,123,129,88,97,141,
8,CR SALDANHA DA GAMA/SANTA CECÍLIA/FUPES - SP,CR SALDANHA DA GAMA/SANTA CECÍLIA/FUPES - SP,A-EFICIENCIA OLIMPICO,533,78,130,91,101,133,
9,MASTER PONG TT ACADEMIA-SP,MASTER PONG TT ACADEMIA-SP,A-EFICIENCIA OLIMPICO,512,150,81,74,112,95,
10,ACEMV / PREFEITURA DE VOTORANTIM / SEDESP-SP,ACEMV / PREFEITURA DE VOTORANTIM / SEDESP-SP,A-EFICIENCIA OLIMPICO,485,113,95,109,124,44,
11,POWER PONG-SP,POWER PONG-SP,A-EFICIENCIA OLIMPICO,471,104,119,73,103,72,
12,NEW PONG ACADEMIA DE TÊNIS DE MESA/SJRP-SP,NEW PONG ACADEMIA DE TÊNIS DE MESA/SJRP-SP,A-EFICIENCIA OLIMPICO,440,99,82,192,7,60,
13,CLUBE ITUANO DE ESPORTES-SP,CLUBE ITUANO DE ESPORTES-SP,A-EFICIENCIA OLIMPICO,432,79,96,88,88,81,
14,SOCIEDADE ESPORTIVA PALMEIRAS-SP,SOCIEDADE ESPORTIVA PALMEIRAS-SP,A-EFICIENCIA OLIMPICO,412,63,103,106,72,68,
15,ESPORTE CLUBE PRAIA GRANDE - SP,ESPORTE CLUBE PRAIA GRANDE - SP,A-EFICIENCIA OLIMPICO,397,122,83,54,77,61,
16,ASSOC.JAUENSE DE T.M./PREFEITURA DE JAÚ-SP,ASSOC.JAUENSE DE T.M./PREFEITURA DE JAÚ-SP,A-EFICIENCIA OLIMPICO,373,30,81,88,81,93,
17,ASSOCIAÇÃO ESPORTIVA RECREATIVA ATEME-SP,ASSOCIAÇÃO ESPORTIVA RECREATIVA ATEME-SP,A-EFICIENCIA OLIMPICO,372,102,105,40,0,125,
18,CLUBE DE TÊNIS DE MESA JACAREÍ - SP,CLUBE DE TÊNIS DE MESA JACAREÍ - SP,A-EFICIENCIA OLIMPICO,333,91,65,58,58,61,
19,ASSOCIAÇÃO ATLÉTICA SALTENSE-SP,ASSOCIAÇÃO ATLÉTICA SALTENSE-SP,A-EFICIENCIA OLIMPICO,320,65,37,92,61,65,
20,ASSOC. NOVA ERA DE T.M.-SP,ASSOC. NOVA ERA DE T.M.-SP,A-EFICIENCIA OLIMPICO,312,30,31,110,69,72,
21,ASSOCIAÇÃO NIKKEY SÃO JOSÉ DOS CAMPOS - SP,ASSOCIAÇÃO NIKKEY SÃO JOSÉ DOS CAMPOS - SP,A-EFICIENCIA OLIMPICO,293,89,58,44,41,61,
22,ACADEMIA DE TÊNIS DE MESA LIFE PONG - SP,ACADEMIA DE TÊNIS DE MESA LIFE PONG - SP,A-EFICIENCIA OLIMPICO,288,81,47,20,72,68,
23,ASSOCIAÇÃO OURINHENSE DE BEM ESTAR-SP,ASSOCIAÇÃO OURINHENSE DE BEM ESTAR-SP,A-EFICIENCIA OLIMPICO,192,30,42,30,60,30,
24,ASSOCIAÇÃO RCTM - SP,ASSOCIAÇÃO RCTM - SP,A-EFICIENCIA OLIMPICO,190,42,55,37,21,35,
25,TÊNIS DE MESA CASA VERDE-MI-SP,TÊNIS DE MESA CASA VERDE-MI-SP,A-EFICIENCIA OLIMPICO,164,34,44,0,48,38,
26,M2TM CENTRO DE TREINAMENTO DE TÊNIS DE MESA-SP,M2TM CENTRO DE TREINAMENTO DE TÊNIS DE MESA-SP,A-EFICIENCIA OLIMPICO,160,17,47,0,34,62,
27,KOSMOS CLUBE - SP,KOSMOS CLUBE - SP,A-EFICIENCIA OLIMPICO,154,21,50,28,17,38,
28,ASSOCIAÇÃO CULTURAL E DESPORTIVA DE ASSIS - SP,ASSOCIAÇÃO CULTURAL E DESPORTIVA DE ASSIS - SP,A-EFICIENCIA OLIMPICO,143,0,27,89,20,7,
29,AABB-SANTOS-SP,AABB-SANTOS-SP,A-EFICIENCIA OLIMPICO,135,0,42,42,30,21,
30,ACADEMIA DUNAMIS DE TÊNIS DE MESA-SP,ACADEMIA DUNAMIS DE TÊNIS DE MESA-SP,A-EFICIENCIA OLIMPICO,122,80,28,0,7,7,
31,TIME JUNDIAÍ - SP,TIME JUNDIAÍ - SP,A-EFICIENCIA OLIMPICO,120,51,17,24,0,28,
32,JAU PONG TÊNIS DE MESA LTDA-SP,JAU PONG TÊNIS DE MESA LTDA-SP,A-EFICIENCIA OLIMPICO,114,0,42,42,0,30,
33,ASSOCIAÇÃO ATLÉTICA PONTE PRETA COUNTRY CLUB-SP,ASSOCIAÇÃO ATLÉTICA PONTE PRETA COUNTRY CLUB-SP,A-EFICIENCIA OLIMPICO,101,20,34,0,27,20,
34,ASSOCIAÇÃO CULTURAL E ASSISTENCIAL MIE KENJIN DO BRASIL-SP,ASSOCIAÇÃO CULTURAL E ASSISTENCIAL MIE KENJIN DO BRASIL-SP,A-EFICIENCIA OLIMPICO,99,34,17,0,31,17,
34,CERÂMICA CLUBE - SP,CERÂMICA CLUBE - SP,A-EFICIENCIA OLIMPICO,99,30,34,0,14,21,
36,ACEAS NIKKEI SUZANO - SP,ACEAS NIKKEI SUZANO - SP,A-EFICIENCIA OLIMPICO,95,31,47,10,0,7,
37,TOP SPIN BRASIL ACADEMY TENIS DE MESA LTDA-SP,TOP SPIN BRASIL ACADEMY TENIS DE MESA LTDA-SP,A-EFICIENCIA OLIMPICO,91,0,28,14,42,7,
38,ASSOCIAÇÃO DESPORTIVA E CULTURAL ARTE DA LUTA - SP,ASSOCIAÇÃO DESPORTIVA E CULTURAL ARTE DA LUTA - SP,A-EFICIENCIA OLIMPICO,84,0,21,21,21,21,
38,ASSOCIAÇAO DOS MESATENISTAS DE TAUBATÉ - SP,ASSOCIAÇAO DOS MESATENISTAS DE TAUBATÉ - SP,A-EFICIENCIA OLIMPICO,84,0,21,7,7,49,
40,AFE ARARAQUARA-SP,AFE ARARAQUARA-SP,A-EFICIENCIA OLIMPICO,83,24,28,10,7,14,
41,UNASP ENGENHEIRO COELHO - SP,UNASP ENGENHEIRO COELHO - SP,A-EFICIENCIA OLIMPICO,80,20,20,20,20,0,
42,INST. FAIR PLAY DE DESENVOLVIMENTO ESPORTIVO-SP,INST. FAIR PLAY DE DESENVOLVIMENTO ESPORTIVO-SP,A-EFICIENCIA OLIMPICO,54,0,17,0,27,10,
43,BERTIOGA TÊNIS DE MESA - SP,BERTIOGA TÊNIS DE MESA - SP,A-EFICIENCIA OLIMPICO,42,0,0,0,21,21,
44,"INSTITUTO SOCIAL, CULTURAL E ESPORTIVO DE SERTÃOZINHO-SP","INSTITUTO SOCIAL, CULTURAL E ESPORTIVO DE SERTÃOZINHO-SP",A-EFICIENCIA OLIMPICO,34,0,0,34,0,0,
45,CLUBE DE TÊNIS DE MESA DE PINDAMONHANGABA - SP,CLUBE DE TÊNIS DE MESA DE PINDAMONHANGABA - SP,A-EFICIENCIA OLIMPICO,31,17,7,0,0,7,
46,UCEG-UNIÃO CULTURAL E ESPORTIVA GUARULHENSE-SP,UCEG-UNIÃO CULTURAL E ESPORTIVA GUARULHENSE-SP,A-EFICIENCIA OLIMPICO,21,0,0,21,0,0,
47,NOSSO CLUBE DE LIMEIRA-SP,NOSSO CLUBE DE LIMEIRA-SP,A-EFICIENCIA OLIMPICO,20,0,20,0,0,0,
48,ASSOCIACAO BETHEL DE BOTUCATU-SP,ASSOCIACAO BETHEL DE BOTUCATU-SP,A-EFICIENCIA OLIMPICO,10,0,0,0,0,10,
48,TONANTEAMT.MESA-SP,TONANTEAMT.MESA-SP,A-EFICIENCIA OLIMPICO,10,0,0,0,0,10,
50,ARAÇA PONG / SMELR ARAÇATUBA – SP,ARAÇA PONG / SMELR ARAÇATUBA – SP,A-EFICIENCIA OLIMPICO,7,0,0,7,0,0,
50,CLUBE DE CAMPO DE PIRACICABA-CCP-SP,CLUBE DE CAMPO DE PIRACICABA-CCP-SP,A-EFICIENCIA OLIMPICO,7,0,0,0,0,7,
52,ASSOCIAÇÃO DOS SERVIDORES MUNICIPAIS DE RIBEIRÃO PRETO - SP,ASSOCIAÇÃO DOS SERVIDORES MUNICIPAIS DE RIBEIRÃO PRETO - SP,A-EFICIENCIA OLIMPICO,0,0,0,0,0,0,
52,CLUBE DE TÊNIS DE MESA ALVES TT/CAIEIRAS - SP,CLUBE DE TÊNIS DE MESA ALVES TT/CAIEIRAS - SP,A-EFICIENCIA OLIMPICO,0,0,0,0,0,0,

52,ITAQUERA NIKKEI CLUBE-SP,ITAQUERA NIKKEI CLUBE-SP,A-EFICIENCIA OLIMPICO,0,0,0,0,0,0,

